Workbook
Name liste_Country_Origin: #REF!
Name Liste_equipment: [1]!T_equipment_list[List equipement - Eng]
Name Liste_Maintenance_type: [2]!T_Type_maintenance[Maintenance type]
Name liste_RMPACK: #REF!
Name liste_supplier_RM: #REF!
Name Liste_Unité: #REF!
Name Partenaire: #REF!
Name Purchase_type: #REF!
Name Selec_annee: #REF!
Name selec_mois: #REF!

Sheet Sales
B2: Partner | C2: Année | D2: Mois | E2: Product (make your choice in the list) | F2: New Product | G2: Customer (make your choice in the list) | H2: New Customer | I2: Sold Quantity | J2: Unit | K2: Destination (make your choice in the list) | L2: New destination
B3: InnoFaso | C3: 2020 | D3: Jan | E3: ENOV'NUTRIBUTTER® | G3: Centre De Développement Pour Enfant (Cde) | I3: 22.68 | J3: Kg | K3: BURKINA FASO
B4: InnoFaso | C4: 2020 | D4: Jan | E4: PLUMPY’NUT® | G4: Hopital Baptiste Biblique | I4: 69 | J4: Kg | K4: TOGO
B5: InnoFaso | C5: 2020 | D5: Jan | E5: PLUMPY’NUT® | G5: UNICEF Burkina Faso | I5: 71760 | J5: Kg | K5: BURKINA FASO
B6: InnoFaso | C6: 2020 | D6: Feb | E6: PLUMPY’NUT® | G6: UNICEF Burkina Faso | I6: 231039.6 | J6: Kg | K6: BURKINA FASO
B7: InnoFaso | C7: 2020 | D7: Feb | E7: PLUMPY’NUT® | G7: WFP - HQ (International) | I7: 110400 | J7: Kg | K7: NIGER
B8: InnoFaso | C8: 2020 | D8: Feb | E8: PLUMPY'SUP™ | G8: ICRC | I8: 750 | J8: Kg | K8: MALI
B9: InnoFaso | C9: 2020 | D9: Feb | E9: PLUMPY’NUT® | G9: Centre De Développement Pour Enfant (Cde) | I9: 13.8 | J9: Kg | K9: BURKINA FASO
B10: InnoFaso | C10: 2020 | D10: Mar | E10: PLUMPY’NUT® | G10: Centre De Développement Pour Enfant (Cde) | I10: 27.6 | J10: Kg | K10: BURKINA FASO
B11: InnoFaso | C11: 2020 | D11: Mar | E11: PLUMPY'SUP™ | G11: Centre De Développement Pour Enfant (Cde) | I11: 27.6 | J11: Kg | K11: BURKINA FASO
B12: InnoFaso | C12: 2020 | D12: Mar | E12: ENOV'NUTRIBUTTER® | G12: Centre De Développement Pour Enfant (Cde) | I12: 11.34 | J12: Kg | K12: BURKINA FASO
B13: InnoFaso | C13: 2020 | D13: Apr | E13: PLUMPY’NUT® | G13: MSF | I13: 690 | J13: Kg | K13: BURKINA FASO
B14: InnoFaso | C14: 2020 | D14: Apr | E14: PLUMPY’NUT® | G14: UNICEF Burkina Faso | I14: 117300 | J14: Kg | K14: BURKINA FASO
... B193: InnoFaso | C193: 2023 | D193: Jan | E193: ENOV'NUTRIBUTTER® | G193: Centre De Développement Pour Enfant (Cde) | I193: 11 | J193: Kg | K193: BURKINA FASO

Sheet Procurement
B2: Partner | C2: Année | D2: Mois | E2: Raw material / packaging (make your choice in the list) | F2: New Raw material /Packaging (Only if the product is not in the list) | G2: Supplier (make your choice in the list) | H2: New supplier | I2: Country of origin of the raw material / Packaging (make your choice in the list) | J2: New country of origin | K2: Quantity | L2: Unit | M2: Purchase type (make your choice in the list)
B3: InnoFaso | C3: 2020 | D3: Jan | E3: ROASTED PEANUT | G3: Niza | I3: FRANCE | K3: 48000 | L3: Kg | M3: Imported raw material
B4: InnoFaso | C4: 2020 | D4: Jan | E4: MILK POWDER | G4: Nutriset - Lactalis | I4: FRANCE | K4: 73500 | L4: Kg | M4: Imported raw material
B5: InnoFaso | C5: 2020 | D5: Jan | E5: RAPESEED OIL | G5: Nutriset Sas | I5: GERMANY | K5: 16560 | L5: Kg | M5: Imported raw material
B6: InnoFaso | C6: 2020 | D6: Jan | E6: PREMIX PNUT | G6: Nutriset Sas | I6: POLAND | K6: 7200 | L6: Kg | M6: Imported raw material
B7: InnoFaso | C7: 2020 | D7: Jan | E7: NATA 5 | G7: Nutriset Sas | I7: FRANCE | K7: 3375 | L7: Kg | M7: Imported raw material
B8: InnoFaso | C8: 2020 | D8: Jan | E8: SACHET FILM PNUT | G8: Simpa Solutions | I8: IVORY COAST | K8: 268950 | L8: m² | M8: Imported raw material
B9: InnoFaso | C9: 2020 | D9: Jan | E9: SUGAR | G9: Sn Sosuco | I9: BURKINA FASO | K9: 50000 | L9: Kg | M9: Bought and produced locally
B10: InnoFaso | C10: 2020 | D10: Feb | E10: ROASTED PEANUT | G10: Niza | I10: ARGENTINA | K10: 48000 | L10: Kg | M10: Imported raw material
B11: InnoFaso | C11: 2020 | D11: Feb | E11: ROASTED PEANUT | G11: JL SA | I11: ARGENTINA | K11: 40000 | L11: Kg | M11: Imported raw material
B12: InnoFaso | C12: 2020 | D12: Feb | E12: WHEY | G12: Nutriset - Lactalis | I12: FRANCE | K12: 48000 | L12: Kg | M12: Imported raw material
B13: InnoFaso | C13: 2020 | D13: Feb | E13: MILK POWDER | G13: Nutriset - Lactalis | I13: FRANCE | K13: 49500 | L13: Kg | M13: Imported raw material
B14: InnoFaso | C14: 2020 | D14: Feb | E14: PALM OIL | G14: TBI | I14: MALAYSIA | K14: 67200 | L14: Kg | M14: Imported raw material
... B228: InnoFaso | C228: 2023 | D228: Jan | E228: SUGAR | G228: Sn Sosuco | I228: BURKINA FASO | K228: 90000 | L228: kg | M228: Local

Sheet Achat - Purchase FP
B2: Partner | C2: Année | D2: Mois | E2: Finished product (make your choice in the list) | F2: New Finished product (Only if the product is not in the list) | G2: Finished Product producer | H2: New Producer (Only if the product is not in the list) | I2: Quantity | J2: Unit

Sheet Monthly Production data
B3: Partner | C3: Année | D3: Mois | E3: Name of the production room (make your choice in the list) | F3: Product Name (make your choice in the list) | G3: New Finished product | H3: Quantity produced in the month (kg) | I3: Blend quantity in month (kg) | J3: Average number of hours per shift | K3: Number of shifts in the month | L3: Loss Rate
B4: InnoFaso | C4: 2020 | D4: Jan | E4: Room 1 | F4: PLUMPY’NUT® | H4: 111793.8
B5: InnoFaso | C5: 2020 | D5: Feb | E5: Room 1 | F5: PLUMPY’NUT® | H5: 192068
B6: InnoFaso | C6: 2020 | D6: Mar | E6: Room 1 | F6: PLUMPY’NUT® | H6: 135888.6
B7: InnoFaso | C7: 2020 | D7: Apr | E7: Room 1 | F7: PLUMPY’NUT® | H7: 190371
B8: InnoFaso | C8: 2020 | D8: Apr | E8: Room 1 | F8: PLUMPY'SUP™ | H8: 33855
B9: InnoFaso | C9: 2020 | D9: May | E9: Room 1 | F9: PLUMPY’NUT® | H9: 278657
B10: InnoFaso | C10: 2020 | D10: Jun | E10: Room 1 | F10: PLUMPY’NUT® | H10: 15000.6
B11: InnoFaso | C11: 2020 | D11: Jun | E11: Room 1 | F11: PLUMPY'SUP™ | H11: 166335
B12: InnoFaso | C12: 2020 | D12: Jul | E12: Room 1 | F12: PLUMPY’NUT® | H12: 327653
B13: InnoFaso | C13: 2020 | D13: Aug | E13: Room 1 | F13: PLUMPY’NUT® | H13: 289896.6
B14: InnoFaso | C14: 2020 | D14: Sept | E14: Room 1 | F14: PLUMPY’NUT® | H14: 163585.2
B15: InnoFaso | C15: 2020 | D15: Sept | E15: Room 1 | F15: PLUMPY'SUP™ | H15: 9045
... B47: InnoFaso | C47: 2022 | D47: Dec | E47: Room 1 | F47: PLUMPY’NUT® | H47: 365010
B48: InnoFaso | C48: 2023 | D48: Jan | E48: Room 1 | F48: PLUMPY’NUT® | H48: 382825.8 | I48: 386050 | J48: 8 | K48: 81 | L48: 0.0084

Sheet Monthly Production shutdown
B2: Partner | C2: Année | D2: Mois | E2: Name of the production room | F2: Shutdown Type | G2: New shutdown reason | H2: Days of shutdown | I2: Comments (free field)
B3: InnoFaso | C3: 2020 | D3: Jan | E3: All | F3: Technical machine problem | H3: 5 | I3: Refection armoire électrique générale de l'usine
B4: InnoFaso | C4: 2020 | D4: Jan | E4: All | F4: Technical machine problem | H4: 4 | I4: Thermorégulateur en panne - Pret d'un microcontrolleur de température chez STA
B5: InnoFaso | C5: 2020 | D5: Mar | E5: All | F5: Cleaning | H5: 1 | I5: Grand nettoyage salle poudre et désinfection
B6: InnoFaso | C6: 2020 | D6: Apr | E6: All | F6: Raw material shortage | H6: 0
B7: InnoFaso | C7: 2020 | D7: Jun | E7: All | F7: Technical machine problem | H7: 1 | I7: Maintenance préventive de la Pompe Chaudière ( thermorégulateur)
B8: InnoFaso | C8: 2020 | D8: Jun | E8: All | F8: Maintenance Spare parts shortage | H8: 7 | I8: Nettoyage profond de l'usine, Maintenance préventive de la CTA et désinfection
B9: InnoFaso | C9: 2020 | D9: Sept | E9: All | F9: Raw material shortage | H9: 11 | I9: Rupture matières prmières Farine de Soja et Prémix Pnut
B10: InnoFaso | C10: 2020 | D10: Oct | E10: All | F10: Raw material shortage | H10: 2 | I10: Panne de la pompe SPX
B11: InnoFaso | C11: 2020 | D11: Nov | E11: All | F11: Cleaning | H11: 1 | I11: Panne de la pompe SPX
B12: InnoFaso | C12: 2021 | D12: Jan | E12: All | F12: Cleaning | H12: 6 | I12: Nettoyage après congés annuels
B13: InnoFaso | C13: 2021 | D13: Mar | E13: All | F13: Factory works | H13: 3 | I13: Maintenance préventive annuelle
B14: InnoFaso | C14: 2021 | D14: Mar | E14: All | F14: External environment problem | H14: 1 | I14: Team building
B15: InnoFaso | C15: 2021 | D15: Apr | E15: All | F15: Raw material shortage | H15: 12 | I15: Maintenance préventive annuelle des équipements
B16: InnoFaso | C16: 2021 | D16: Apr | E16: All | F16: Raw material shortage | H16: 5 | I16: Manque d'huile de palme
B17: InnoFaso | C17: 2021 | D17: Jul | E17: All | F17: Technical machine problem | H17: 3 | I17: Court Circuit / feu câbles de commande armoire électrique thermisation
B18: InnoFaso | C18: 2021 | D18: Aug | E18: All | F18: Raw material shortage | H18: 1 | I18: Nettoyage profond changement de produit
... B24: InnoFaso | C24: 2022 | D24: Jan | E24: All | F24: External environment problem | H24: 2 | I24: Tensions politiques (Coup d'état)
B25: InnoFaso | C25: 2022 | D25: Feb | E25: All | F25: Raw material shortage | H25: 11
B26: InnoFaso | C26: 2022 | D26: Mar | E26: All | F26: Raw material shortage | H26: 6
B27: InnoFaso | C27: 2022 | D27: Aug | E27: All | F27: Raw material shortage | H27: 2 | I27: Rupture huile de palme et travaux usine
B28: InnoFaso | C28: 2022 | D28: Sept | E28: All | F28: Factory works | H28: 7 | I28: Rupture Huile de palme - Anticipation des travaux d'usine
B29: InnoFaso | C29: 2022 | D29: Oct | E29: All | F29: Factory works | H29: 6 | I29: Maintenance préventive annuelle et augmentation de capacité
B30: InnoFaso | C30: 2022 | D30: Nov | E30: All | F30: Raw material shortage | H30: 8 | I30: maintenance préventive annuelle et augmentation de capacité
B31: InnoFaso | C31: 2022 | D31: Nov | E31: All | F31: Technical machine problem | H31: 2 | I31: Pompe SPX prémélange défaillante

Sheet T_Maint_Innofaso
A1: Partner | B1: Année | C1: Mois | D1: Equipment | E1: New Equipment | F1: Maintenance Type | G1: Number of hours | H1: Description (free field)
A2: InnoFaso | B2: 2022 | C2: Jan | D2: Others equipments | F2: Preventive | G2: 6 | H2: CTA et groupe froid; maintenance hebdo
A3: InnoFaso | B3: 2022 | C3: Jan | D3: Others equipments | F3: Preventive | G3: 2 | H3: dust collector; maintenance hebdo
A4: InnoFaso | B4: 2022 | C4: Jan | D4: Air compressor | F4: Preventive | G4: 2 | H4: maintenance hebdo
A5: InnoFaso | B5: 2022 | C5: Jan | D5: Others equipments | F5: Preventive | G5: 1 | H5: aerorefroidisseur; maintenance hebdo
A6: InnoFaso | B6: 2022 | C6: Jan | D6: Others equipments | F6: Preventive | G6: 1 | H6: sécheur frigorifique; maintenance hebdo
A7: InnoFaso | B7: 2022 | C7: Jan | D7: Packing machine | F7: Preventive | G7: 4 | H7: L1/L2:maintenance hebdo
A8: InnoFaso | B8: 2022 | C8: Jan | D8: Others equipments | F8: Preventive | G8: 1 | H8: cuve peson; controle hebdo
A9: InnoFaso | B9: 2022 | C9: Jan | D9: Filling machine | F9: Preventive | G9: 2 | H9: L1/L2:maintenance hebdo
A10: InnoFaso | B10: 2022 | C10: Jan | D10: Others equipments | F10: Preventive | G10: 2 | H10: DPM1/DPM2: maintenance hebdo
A11: InnoFaso | B11: 2022 | C11: Jan | D11: Sachet Printer - Carton Printer | F11: Preventive | G11: 2 | H11: L1/L2:nettoyage et réglage
A12: InnoFaso | B12: 2022 | C12: Jan | D12: Others equipments | F12: Preventive | G12: 1 | H12: extracteur d'air: maintenance mensuelle
A13: InnoFaso | B13: 2022 | C13: Jan | D13: Others equipments | F13: Preventive | G13: 1 | H13: lampe UV; maintenance mensuelle
... A333: InnoFaso | B333: 2021 | C333: Jan | D333: Premixing heat treatment | F333: Preventive | G333: 1 | H333: vase d'eau. remplissage
A334: InnoFaso | B334: 2021 | C334: Jan | D334: Others equipments | F334: Preventive | G334: 0
A335: InnoFaso | B335: 2021 | C335: Jan | D335: Mixer | F335: Preventive | G335: 3 | H335: Nettoyage tuyauterie
A336: InnoFaso | B336: 2021 | C336: Jan | D336: Others equipments | F336: Preventive | G336: 0.7 | H336: Maintenance aerorefroidisseur
A337: InnoFaso | B337: 2021 | C337: Jan | D337: Grinder - Vibroreactor | F337: Preventive | G337: 6.5 | H337: B3.changement de manchon de guidage et joints.
A338: InnoFaso | B338: 2021 | C338: Jan | D338: Air compressor | F338: Preventive | G338: 1.5 | H338: Maintenance hebdomadaire
A339: InnoFaso | B339: 2021 | C339: Jan | D339: Conveyor | F339: Preventive | G339: 1.5 | H339: Cv1. Changement de moteur
A340: InnoFaso | B340: 2021 | C340: Jan | D340: Filling machine | F340: Corrective | G340: 3.3 | H340: L1. Réparation et changement capteur kinetrol
A341: InnoFaso | B341: 2021 | C341: Jan | D341: Premixing heat treatment | F341: Corrective | G341: 3.9 | H341: Réparation spx et debit
A342: InnoFaso | B342: 2021 | C342: Jan | D342: Packing machine | F342: Corrective | G342: 1.25 | H342: L1.remplacement de résistance verticale et tuyaux d'air
A343: InnoFaso | B343: 2021 | C343: Feb | D343: Main electrical panel | F343: Preventive | G343: 1.5 | H343: optinut. EN;contrôle de temps de mélange et résistance de chauffe.
A344: InnoFaso | B344: 2021 | C344: Feb | D344: Others equipments | F344: Preventive | G344: 1 | H344: maintenance hebdomadaire
A345: InnoFaso | B345: 2021 | C345: Feb | D345: Grinder - Vibroreactor | F345: Preventive | G345: 0.75 | H345: EN; contrôle mensuel des broyeurs 1,2,3.
A346: InnoFaso | B346: 2021 | C346: Feb | D346: Air compressor | F346: Preventive | G346: 2 | H346: maintenance hebdomadaire
... A396: InnoFaso | B396: 2021 | C396: Apr | D396: Grinder - Vibroreactor | F396: Preventive | G396: 2 | H396: broyeur 3:maintenance gle.
A397: InnoFaso | B397: 2021 | C397: Apr | D397: Premixing heat treatment | F397: Preventive | G397: 12
A398: InnoFaso | B398: 2021 | C398: Apr | D398: Premixing heat treatment | F398: Preventive | G398: 6 | H398: cuve additif:maintenance gle.
A399: InnoFaso | B399: 2021 | C399: Apr | D399: Premixing heat treatment | F399: Preventive | G399: 10 | H399: thermorégulateur:maintenance gle.
A400: InnoFaso | B400: 2021 | C400: Apr | D400: Premixing heat treatment | F400: Preventive | G400: 2 | H400: cuve tampon:maintenance gle.
A401: InnoFaso | B401: 2021 | C401: Apr | D401: Premixing heat treatment | F401: Preventive | G401: 8 | H401: pompe spx:maintenance gle.
A402: InnoFaso | B402: 2021 | C402: Apr | D402: Premixing heat treatment | F402: Preventive | G402: 2 | H402: optinut:maintenance gle.
A403: InnoFaso | B403: 2021 | C403: Apr | D403: Others equipments | F403: Preventive | G403: 4 | H403: spx produit fini:maintenance gle.
A404: InnoFaso | B404: 2021 | C404: Apr | D404: Others equipments | F404: Preventive | G404: 7 | H404: filtre produit fini:maintenance gle.
A405: InnoFaso | B405: 2021 | C405: Apr | D405: Grinder - Vibroreactor | F405: Preventive | G405: 3.25 | H405: broyeur 3:maintenance gle.
A406: InnoFaso | B406: 2021 | C406: Apr | D406: Mixer | F406: Preventive | G406: 4.5 | H406: maintenance générale annuelle
A407: InnoFaso | B407: 2021 | C407: Apr | D407: Filling machine | F407: Preventive | G407: 6 | H407: doseuse 2:maintenance gle.
A408: InnoFaso | B408: 2021 | C408: Apr | D408: Pre-mixing hopper | F408: Preventive | G408: 8 | H408: maintenance générale annuelle
A409: InnoFaso | B409: 2021 | C409: Apr | D409: Premixing heat treatment | F409: Preventive | G409: 7 | H409: electrovannes pneumatiques:maintenance gle.
... A418: InnoFaso | B418: 2021 | C418: Apr | D418: Sachet Printer - Carton Printer | F418: Preventive | G418: 6 | H418: imprimante 2: maintenance gle
A419: InnoFaso | B419: 2021 | C419: Apr | D419: Others equipments | F419: Preventive | G419: 8
A420: InnoFaso | B420: 2021 | C420: Apr | D420: Others equipments | F420: Preventive | G420: 8 | H420: démarrage des equipement et réglage
A421: InnoFaso | B421: 2021 | C421: May | D421: Others equipments | F421: Preventive | G421: 7.5 | H421: CTA et groupe froid. maintenance hebdomadaire
A422: InnoFaso | B422: 2021 | C422: May | D422: Air compressor | F422: Preventive | G422: 2.5 | H422: maintenance hebdo
A423: InnoFaso | B423: 2021 | C423: May | D423: Others equipments | F423: Preventive | G423: 2.5 | H423: dust collector: maintenance hebdomadaire
A424: InnoFaso | B424: 2021 | C424: May | D424: Others equipments | F424: Preventive | G424: 1.25 | H424: sécheur frigo:maintenance hebdomadaire
A425: InnoFaso | B425: 2021 | C425: May | D425: Others equipments | F425: Preventive | G425: 1.25 | H425: aérorefroidisseur:maintenance hebdomadaire
A426: InnoFaso | B426: 2021 | C426: May | D426: Packing machine | F426: Preventive | G426: 5 | H426: L1/L2
A427: InnoFaso | B427: 2021 | C427: May | D427: Others equipments | F427: Preventive | G427: 2.5 | H427: DPM1/DPM2
A428: InnoFaso | B428: 2021 | C428: May | D428: Mixer | F428: Preventive | G428: 1 | H428: appoint d'eau
A429: InnoFaso | B429: 2021 | C429: May | D429: Premixing heat treatment | F429: Preventive | G429: 1 | H429: appoint d'eau
A430: InnoFaso | B430: 2021 | C430: May | D430: Others equipments | F430: Preventive | G430: 1.25
A431: InnoFaso | B431: 2021 | C431: May | D431: Premixing heat treatment | F431: Preventive | G431: 0.25 | H431: controle de temps de mélange
A432: InnoFaso | B432: 2021 | C432: May | D432: Mixer | F432: Preventive | G432: 0.25 | H432: controle de temps de mélange
A433: InnoFaso | B433: 2021 | C433: May | D433: Grinder - Vibroreactor | F433: Preventive | G433: 1 | H433: contrôle mensuel des broyeurs 1/2/3 (couronnes)
A434: InnoFaso | B434: 2021 | C434: May | D434: Others equipments | F434: Preventive | G434: 1 | H434: contrôle mensuel des lampe UV
A435: InnoFaso | B435: 2021 | C435: May | D435: Others equipments | F435: Preventive | G435: 1 | H435: maintenance des extracteur d'air
A436: InnoFaso | B436: 2021 | C436: May | D436: Conveyor | F436: Preventive | G436: 1 | H436: maintenance mensuel.
A437: InnoFaso | B437: 2021 | C437: May | D437: Premixing heat treatment | F437: Preventive | G437: 1 | H437: remplacement de pompe d'eau
A438: InnoFaso | B438: 2021 | C438: May | D438: Packing machine | F438: Corrective | G438: 0.5 | H438: L1:remplacement de verin lame
A439: InnoFaso | B439: 2021 | C439: May | D439: Main electrical panel | F439: Corrective | G439: 3.5 | H439: travaux armoire gle
A440: InnoFaso | B440: 2021 | C440: May | D440: Mixer | F440: Corrective | G440: 3.5 | H440: pompe PF: réparation pompe grippée.
A441: InnoFaso | B441: 2021 | C441: May | D441: Filling machine | F441: Corrective | G441: 0.55 | H441: L1: réglage des capteur kinétrole
A442: InnoFaso | B442: 2021 | C442: May | D442: Premixing heat treatment | F442: Corrective | G442: 3.5 | H442: chaudière: remplacement de roulement du moteur
... A640: InnoFaso | B640: 2020 | C640: Jan | D640: Packing machine | F640: Corrective | G640: 8.5 | H640: L1moteur de l'embrayage-frein bloqué.démontage et réparation.
A641: InnoFaso | B641: 2020 | C641: Jan | D641: Sachet Printer - Carton Printer | F641: Corrective | G641: 0.5
A642: InnoFaso | B642: 2020 | C642: Jan | D642: Sachet Printer - Carton Printer | F642: Corrective | G642: 2.5 | H642: L1. remplacement des vis de réglage de la gouttière.
A643: InnoFaso | B643: 2020 | C643: Jan | D643: Premixing heat treatment | F643: Corrective | G643: 5 | H643: tentative de réparation de régulateur température de la chaudière.
A644: InnoFaso | B644: 2020 | C644: Jan | D644: Premixing heat treatment | F644: Corrective | G644: 2.4 | H644: remplacement du régulateur et réglage
A645: InnoFaso | B645: 2020 | C645: Feb | D645: Others equipments | F645: Preventive | G645: 1.5 | H645: CTA: maintenance hebdomadaire.
A646: InnoFaso | B646: 2020 | C646: Feb | D646: Air compressor | F646: Preventive | G646: 0.5 | H646: maintenance hebdomadaire et contrôle d'huile.
A647: InnoFaso | B647: 2020 | C647: Feb | D647: Others equipments | F647: Preventive | G647: 1.7 | H647: climatiseurs et extracteur d'air: maintenance mensuel.
A648: InnoFaso | B648: 2020 | C648: Feb | D648: Packing machine | F648: Preventive | G648: 1.4 | H648: maintenance hebdomadaire
A649: InnoFaso | B649: 2020 | C649: Feb | D649: Others equipments | F649: Preventive | G649: 2 | H649: CTA: maintenance hebdomadaire.
A650: InnoFaso | B650: 2020 | C650: Feb | D650: Air compressor | F650: Preventive | G650: 0.5 | H650: maintenance hebdomadaire et contrôle d'huile.
A651: InnoFaso | B651: 2020 | C651: Feb | D651: Grinder - Vibroreactor | F651: Preventive | G651: 2.5 | H651: B03 MP:remplacement de joint garlock
A652: InnoFaso | B652: 2020 | C652: Feb | D652: Packing machine | F652: Preventive | G652: 2.5 | H652: maintenance hebdomadaire.
A653: InnoFaso | B653: 2020 | C653: Feb | D653: Others equipments | F653: Preventive | G653: 1 | H653: onduleur principal: remplacement de batteries.
... A729: InnoFaso | B729: 2020 | C729: Apr | D729: Filling machine | F729: Corrective | G729: 3.5 | H729: fuite du distributeur d'air. colmattage
A730: InnoFaso | B730: 2020 | C730: Apr | D730: Air compressor | F730: Corrective | G730: 0.5
A731: InnoFaso | B731: 2020 | C731: Apr | D731: Main electrical panel | F731: Corrective | G731: 0 | H731: L1: remplacement de courroie.
A732: InnoFaso | B732: 2020 | C732: May | D732: Others equipments | F732: Preventive | G732: 6 | H732: CTA et groupe froid. maintenance hebdomadaire.
A733: InnoFaso | B733: 2020 | C733: May | D733: Air compressor | F733: Preventive | G733: 2.4 | H733: compresseur d'air générateur d'azote. maintenance hebdomadaire.
A734: InnoFaso | B734: 2020 | C734: May | D734: Others equipments | F734: Preventive | G734: 0.95 | H734: dust collector. maintenance hebdomadaire
A735: InnoFaso | B735: 2020 | C735: May | D735: Packing machine | F735: Preventive | G735: 4 | H735: L1 et L2
A736: InnoFaso | B736: 2020 | C736: May | D736: Sachet Printer - Carton Printer | F736: Preventive | G736: 0.25 | H736: L1 et L2 néttoyage et réglage d'impression.
A737: InnoFaso | B737: 2020 | C737: May | D737: Filling machine | F737: Preventive | G737: 0.75 | H737: L1: remplacement du support de la canne+ joint.
A738: InnoFaso | B738: 2020 | C738: May | D738: Premixing heat treatment | F738: Preventive | G738: 1 | H738: réglage du niveau haut et bas cuve tampon.
A739: InnoFaso | B739: 2020 | C739: May | D739: Others equipments | F739: Preventive | G739: 0.25 | H739: cuve d'air interne. réparation de fuite. remplacement de coude.
A740: InnoFaso | B740: 2020 | C740: May | D740: Filling machine | F740: Preventive | G740: 0.25 | H740: L2:réparation tuyau d'eau de chauffe perforé.
A741: InnoFaso | B741: 2020 | C741: May | D741: Filling machine | F741: Preventive | G741: 0.75 | H741: L1: remplacement des joints du piston.
A742: InnoFaso | B742: 2020 | C742: May | D742: Packing machine | F742: Preventive | G742: 0.1 | H742: L1: rempacement pistolet d'air
... A762: InnoFaso | B762: 2020 | C762: Jun | D762: Premixing heat treatment | F762: Preventive | G762: 0.4 | H762: chaudière: complément d'huile de chauffe.
A763: InnoFaso | B763: 2020 | C763: Jun | D763: Sachet Printer - Carton Printer | F763: Preventive | G763: 0.2
A764: InnoFaso | B764: 2020 | C764: Jun | D764: Others equipments | F764: Preventive | G764: 8 | H764: L2 et L3: maintenance générale.
A765: InnoFaso | B765: 2020 | C765: Jun | D765: Filling machine | F765: Preventive | G765: 3.15 | H765: L2: remplcement de joints internes et externes.
A766: InnoFaso | B766: 2020 | C766: Jun | D766: Others equipments | F766: Preventive | G766: 1 | H766: labo RD: pose du coffret de commande.
A767: InnoFaso | B767: 2020 | C767: Jun | D767: Others equipments | F767: Preventive | G767: 0.9 | H767: extracetur d'air: maintenance mensuelle.
...

Sheet compilation
K1: PS-ME-EN-SDM-A
A2: Suivi des Données de la maintenance des équipements
A3: Créée le : 01/01/2024 | G3: Modifié le : | K3: Page 1/1
A4: Emetteur : T. COMPAORE Date : 01/01/2024 Fonction : RT Signature : | G4: Vérificateur : C.Christophe Date : 01/01/2024 Fonction : RQRD Signature : | K4: Approbateur : O. COULIBALY Date : 02/01/2024 Fonction : DG Signature :
A5: Destinataires : DG, RAF, CL, RT, RQRD, CCQ,CAQM, AAQM,CM,AM,CQCP
A7: ANNEE | B7: MOIS | C7: TYPE DE MAINTENANCE | D7: EQUIPEMENTS
D8: Air compressor | E8: Conveyor | F8: Filling machine | G8: Grinder - Vibroreactor | H8: Mixer | I8: Others equipments | J8: Packing machine | K8: Premixing heat treatment | L8: Sachet Printer - Carton Printer | M8: Nitrogen generator - Filter | N8: Main electrical panel | O8: Finished Product Transfer Pump | P8: TOTAL | Q8: TOTAL GENERAL | R8: difficultés ou remarques | W8: actions | AB8: Responsable action | AC8: Délais
A9: 2025 | B9: Jan | C9: Preventive | D9: =SUMIFS(T_Maint_Innofaso!G:G,T_Maint_Innofaso!B:B,A$11,T_Maint_Innofaso!C:C,B9,T_Maint_Innofaso!F:F,C9,T_Maint_Innofaso!D:D,compilation!D$8) -> 5 | E9: =SUMIFS(T_Maint_Innofaso!G:G,T_Maint_Innofaso!B:B,A$11,T_Maint_Innofaso!C:C,B9,T_Maint_Innofaso!F:F,C9,T_Maint_Innofaso!D:D,E$8) -> 1 | F9: =SUMIFS(T_Maint_Innofaso!G:G,T_Maint_Innofaso!B:B,A$11,T_Maint_Innofaso!C:C,B9,T_Maint_Innofaso!F:F,C9,T_Maint_Innofaso!D:D,F$8) -> 3 | G9: =SUMIFS(T_Maint_Innofaso!G:G,T_Maint_Innofaso!B:B,A$11,T_Maint_Innofaso!C:C,B9,T_Maint_Innofaso!F:F,C9,T_Maint_Innofaso!D:D,G$8) -> 1 | H9: =SUMIFS(T_Maint_Innofaso!G:G,T_Maint_Innofaso!B:B,A$11,T_Maint_Innofaso!C:C,B9,T_Maint_Innofaso!F:F,C9,T_Maint_Innofaso!D:D,H$8) -> 1 | I9: =SUMIFS(T_Maint_Innofaso!G:G,T_Maint_Innofaso!B:B,A$11,T_Maint_Innofaso!C:C,B9,T_Maint_Innofaso!F:F,C9,T_Maint_Innofaso!D:D,I$8) -> 30.67 | J9: =SUMIFS(T_Maint_Innofaso!G:G,T_Maint_Innofaso!B:B,A$11,T_Maint_Innofaso!C:C,B9,T_Maint_Innofaso!F:F,C9,T_Maint_Innofaso!D:D,J$8) -> 9 | K9: =SUMIFS(T_Maint_Innofaso!G:G,T_Maint_Innofaso!B:B,A$11,T_Maint_Innofaso!C:C,B9,T_Maint_Innofaso!F:F,C9,T_Maint_Innofaso!D:D,K$8) -> 2 | L9: =SUMIFS(T_Maint_Innofaso!G:G,T_Maint_Innofaso!B:B,A$11,T_Maint_Innofaso!C:C,B9,T_Maint_Innofaso!F:F,C9,T_Maint_Innofaso!D:D,L$8) -> 0 | M9: =SUMIFS(T_Maint_Innofaso!G:G,T_Maint_Innofaso!B:B,A$11,T_Maint_Innofaso!C:C,B9,T_Maint_Innofaso!F:F,C9,T_Maint_Innofaso!D:D,M$8) -> 0 | N9: =SUMIFS(T_Maint_Innofaso!G:G,T_Maint_Innofaso!B:B,A$11,T_Maint_Innofaso!C:C,B9,T_Maint_Innofaso!F:F,C9,T_Maint_Innofaso!D:D,N$8) -> 0 | O9: =SUMIFS(T_Maint_Innofaso!G:G,T_Maint_Innofaso!B:B,A$11,T_Maint_Innofaso!C:C,B9,T_Maint_Innofaso!F:F,C9,T_Maint_Innofaso!D:D,O$8) -> 0 | P9: =SUM(D9:O9) -> 52.67 | Q9: =P9+P10 -> 96.72 | R9: problème d'oscillateur avec imprimante sachet L1 | W9: commande de pièce en cours | AB9: RT,LOG, | AC9: 45716
C10: Corrective | D10: =SUMIFS(T_Maint_Innofaso!G:G,T_Maint_Innofaso!B:B,A$11,T_Maint_Innofaso!C:C,B9,T_Maint_Innofaso!F:F,C10,T_Maint_Innofaso!D:D,compilation!D$8) -> 0 | E10: =SUMIFS(T_Maint_Innofaso!G:G,T_Maint_Innofaso!B:B,A$11,T_Maint_Innofaso!C:C,B9,T_Maint_Innofaso!F:F,C10,T_Maint_Innofaso!D:D,E$8) -> 0 | F10: =SUMIFS(T_Maint_Innofaso!G:G,T_Maint_Innofaso!B:B,A$11,T_Maint_Innofaso!C:C,B9,T_Maint_Innofaso!F:F,C10,T_Maint_Innofaso!D:D,F$8) -> 4.5 | G10: =SUMIFS(T_Maint_Innofaso!G:G,T_Maint_Innofaso!B:B,A$11,T_Maint_Innofaso!C:C,B9,T_Maint_Innofaso!F:F,C10,T_Maint_Innofaso!D:D,G$8) -> 0 | H10: =SUMIFS(T_Maint_Innofaso!G:G,T_Maint_Innofaso!B:B,A$11,T_Maint_Innofaso!C:C,B9,T_Maint_Innofaso!F:F,C10,T_Maint_Innofaso!D:D,H$8) -> 0 | I10: =SUMIFS(T_Maint_Innofaso!G:G,T_Maint_Innofaso!B:B,A$11,T_Maint_Innofaso!C:C,B9,T_Maint_Innofaso!F:F,C10,T_Maint_Innofaso!D:D,I$8) -> 0 | J10: =SUMIFS(T_Maint_Innofaso!G:G,T_Maint_Innofaso!B:B,A$11,T_Maint_Innofaso!C:C,B9,T_Maint_Innofaso!F:F,C10,T_Maint_Innofaso!D:D,J$8) -> 15.9 | K10: =SUMIFS(T_Maint_Innofaso!G:G,T_Maint_Innofaso!B:B,A$11,T_Maint_Innofaso!C:C,B9,T_Maint_Innofaso!F:F,C10,T_Maint_Innofaso!D:D,K$8) -> 10 | L10: =SUMIFS(T_Maint_Innofaso!G:G,T_Maint_Innofaso!B:B,A$11,T_Maint_Innofaso!C:C,B9,T_Maint_Innofaso!F:F,C10,T_Maint_Innofaso!D:D,L$8) -> 12.4 | M10: =SUMIFS(T_Maint_Innofaso!G:G,T_Maint_Innofaso!B:B,A$11,T_Maint_Innofaso!C:C,B9,T_Maint_Innofaso!F:F,C10,T_Maint_Innofaso!D:D,M$8) -> 0 | N10: =SUMIFS(T_Maint_Innofaso!G:G,T_Maint_Innofaso!B:B,A$11,T_Maint_Innofaso!C:C,B9,T_Maint_Innofaso!F:F,C10,T_Maint_Innofaso!D:D,N$8) -> 0 | O10: =SUMIFS(T_Maint_Innofaso!G:G,T_Maint_Innofaso!B:B,A$11,T_Maint_Innofaso!C:C,B9,T_Maint_Innofaso!F:F,C10,T_Maint_Innofaso!D:D,O$8) -> 1.25 | P10: =SUM(D10:O10) -> 44.05
A11: 2025 | B11: Feb | C11: Preventive | D11: =SUMIFS(T_Maint_Innofaso!G:G,T_Maint_Innofaso!B:B,A$11,T_Maint_Innofaso!C:C,B11,T_Maint_Innofaso!F:F,C11,T_Maint_Innofaso!D:D,compilation!D$8) -> 2 | E11: =SUMIFS(T_Maint_Innofaso!G:G,T_Maint_Innofaso!B:B,A$11,T_Maint_Innofaso!C:C,B11,T_Maint_Innofaso!F:F,C11,T_Maint_Innofaso!D:D,E$8) -> 1 | F11: =SUMIFS(T_Maint_Innofaso!G:G,T_Maint_Innofaso!B:B,A$11,T_Maint_Innofaso!C:C,B11,T_Maint_Innofaso!F:F,C11,T_Maint_Innofaso!D:D,F$8) -> 3 | G11: =SUMIFS(T_Maint_Innofaso!G:G,T_Maint_Innofaso!B:B,A$11,T_Maint_Innofaso!C:C,B11,T_Maint_Innofaso!F:F,C11,T_Maint_Innofaso!D:D,G$8) -> 1 | H11: =SUMIFS(T_Maint_Innofaso!G:G,T_Maint_Innofaso!B:B,A$11,T_Maint_Innofaso!C:C,B11,T_Maint_Innofaso!F:F,C11,T_Maint_Innofaso!D:D,H$8) -> 1 | I11: =SUMIFS(T_Maint_Innofaso!G:G,T_Maint_Innofaso!B:B,A$11,T_Maint_Innofaso!C:C,B11,T_Maint_Innofaso!F:F,C11,T_Maint_Innofaso!D:D,I$8) -> 31.07 | J11: =SUMIFS(T_Maint_Innofaso!G:G,T_Maint_Innofaso!B:B,A$11,T_Maint_Innofaso!C:C,B11,T_Maint_Innofaso!F:F,C11,T_Maint_Innofaso!D:D,J$8) -> 7 | K11: =SUMIFS(T_Maint_Innofaso!G:G,T_Maint_Innofaso!B:B,A$11,T_Maint_Innofaso!C:C,B11,T_Maint_Innofaso!F:F,C11,T_Maint_Innofaso!D:D,K$8) -> 1 | L11: =SUMIFS(T_Maint_Innofaso!G:G,T_Maint_Innofaso!B:B,A$11,T_Maint_Innofaso!C:C,B11,T_Maint_Innofaso!F:F,C11,T_Maint_Innofaso!D:D,L$8) -> 0 | M11: =SUMIFS(T_Maint_Innofaso!G:G,T_Maint_Innofaso!B:B,A$11,T_Maint_Innofaso!C:C,B11,T_Maint_Innofaso!F:F,C11,T_Maint_Innofaso!D:D,M$8) -> 0 | N11: =SUMIFS(T_Maint_Innofaso!G:G,T_Maint_Innofaso!B:B,A$11,T_Maint_Innofaso!C:C,B11,T_Maint_Innofaso!F:F,C11,T_Maint_Innofaso!D:D,N$8) -> 0 | O11: =SUMIFS(T_Maint_Innofaso!G:G,T_Maint_Innofaso!B:B,A$11,T_Maint_Innofaso!C:C,B11,T_Maint_Innofaso!F:F,C11,T_Maint_Innofaso!D:D,O$8) -> 0 | P11: =SUM(D11:O11) -> 47.07 | Q11: =P11+P12 -> 94.17 | R11: Ensacheuse L1 à l'arret manque de pièce. Plusieurs panne sur L4 | W11: reparation en mi-fevrier de l'imprimante | AB11: CM | AC11: 45716
C12: Corrective | D12: =SUMIFS(T_Maint_Innofaso!G:G,T_Maint_Innofaso!B:B,A$11,T_Maint_Innofaso!C:C,B11,T_Maint_Innofaso!F:F,C12,T_Maint_Innofaso!D:D,compilation!D$8) -> 0 | E12: =SUMIFS(T_Maint_Innofaso!G:G,T_Maint_Innofaso!B:B,A$11,T_Maint_Innofaso!C:C,B11,T_Maint_Innofaso!F:F,C12,T_Maint_Innofaso!D:D,E$8) -> 0 | F12: =SUMIFS(T_Maint_Innofaso!G:G,T_Maint_Innofaso!B:B,A$11,T_Maint_Innofaso!C:C,B11,T_Maint_Innofaso!F:F,C12,T_Maint_Innofaso!D:D,F$8) -> 0 | G12: =SUMIFS(T_Maint_Innofaso!G:G,T_Maint_Innofaso!B:B,A$11,T_Maint_Innofaso!C:C,B11,T_Maint_Innofaso!F:F,C12,T_Maint_Innofaso!D:D,G$8) -> 0 | H12: =SUMIFS(T_Maint_Innofaso!G:G,T_Maint_Innofaso!B:B,A$11,T_Maint_Innofaso!C:C,B11,T_Maint_Innofaso!F:F,C12,T_Maint_Innofaso!D:D,H$8) -> 0 | I12: =SUMIFS(T_Maint_Innofaso!G:G,T_Maint_Innofaso!B:B,A$11,T_Maint_Innofaso!C:C,B11,T_Maint_Innofaso!F:F,C12,T_Maint_Innofaso!D:D,I$8) -> 6.9 | J12: =SUMIFS(T_Maint_Innofaso!G:G,T_Maint_Innofaso!B:B,A$11,T_Maint_Innofaso!C:C,B11,T_Maint_Innofaso!F:F,C12,T_Maint_Innofaso!D:D,J$8) -> 15.3 | K12: =SUMIFS(T_Maint_Innofaso!G:G,T_Maint_Innofaso!B:B,A$11,T_Maint_Innofaso!C:C,B11,T_Maint_Innofaso!F:F,C12,T_Maint_Innofaso!D:D,K$8) -> 24.9 | L12: =SUMIFS(T_Maint_Innofaso!G:G,T_Maint_Innofaso!B:B,A$11,T_Maint_Innofaso!C:C,B11,T_Maint_Innofaso!F:F,C12,T_Maint_Innofaso!D:D,L$8) -> 0 | M12: =SUMIFS(T_Maint_Innofaso!G:G,T_Maint_Innofaso!B:B,A$11,T_Maint_Innofaso!C:C,B11,T_Maint_Innofaso!F:F,C12,T_Maint_Innofaso!D:D,M$8) -> 0 | N12: =SUMIFS(T_Maint_Innofaso!G:G,T_Maint_Innofaso!B:B,A$11,T_Maint_Innofaso!C:C,B11,T_Maint_Innofaso!F:F,C12,T_Maint_Innofaso!D:D,N$8) -> 0 | O12: =SUMIFS(T_Maint_Innofaso!G:G,T_Maint_Innofaso!B:B,A$11,T_Maint_Innofaso!C:C,B11,T_Maint_Innofaso!F:F,C12,T_Maint_Innofaso!D:D,O$8) -> 0 | P12: =SUM(D12:O12) -> 47.1
A13: 2025 | B13: Mar | C13: Preventive | D13: =SUMIFS(T_Maint_Innofaso!G:G,T_Maint_Innofaso!B:B,A$11,T_Maint_Innofaso!C:C,B13,T_Maint_Innofaso!F:F,C13,T_Maint_Innofaso!D:D,compilation!D$8) -> 2 | E13: =SUMIFS(T_Maint_Innofaso!G:G,T_Maint_Innofaso!B:B,A$11,T_Maint_Innofaso!C:C,B13,T_Maint_Innofaso!F:F,C13,T_Maint_Innofaso!D:D,E$8) -> 1 | F13: =SUMIFS(T_Maint_Innofaso!G:G,T_Maint_Innofaso!B:B,A$11,T_Maint_Innofaso!C:C,B13,T_Maint_Innofaso!F:F,C13,T_Maint_Innofaso!D:D,F$8) -> 34.5 | G13: =SUMIFS(T_Maint_Innofaso!G:G,T_Maint_Innofaso!B:B,A$11,T_Maint_Innofaso!C:C,B13,T_Maint_Innofaso!F:F,C13,T_Maint_Innofaso!D:D,G$8) -> 1 | H13: =SUMIFS(T_Maint_Innofaso!G:G,T_Maint_Innofaso!B:B,A$11,T_Maint_Innofaso!C:C,B13,T_Maint_Innofaso!F:F,C13,T_Maint_Innofaso!D:D,H$8) -> 1 | I13: =SUMIFS(T_Maint_Innofaso!G:G,T_Maint_Innofaso!B:B,A$11,T_Maint_Innofaso!C:C,B13,T_Maint_Innofaso!F:F,C13,T_Maint_Innofaso!D:D,I$8) -> 47.57 | J13: =SUMIFS(T_Maint_Innofaso!G:G,T_Maint_Innofaso!B:B,A$11,T_Maint_Innofaso!C:C,B13,T_Maint_Innofaso!F:F,C13,T_Maint_Innofaso!D:D,J$8) -> 20.5 | K13: =SUMIFS(T_Maint_Innofaso!G:G,T_Maint_Innofaso!B:B,A$11,T_Maint_Innofaso!C:C,B13,T_Maint_Innofaso!F:F,C13,T_Maint_Innofaso!D:D,K$8) -> 1 | L13: =SUMIFS(T_Maint_Innofaso!G:G,T_Maint_Innofaso!B:B,A$11,T_Maint_Innofaso!C:C,B13,T_Maint_Innofaso!F:F,C13,T_Maint_Innofaso!D:D,L$8) -> 0 | M13: =SUMIFS(T_Maint_Innofaso!G:G,T_Maint_Innofaso!B:B,A$11,T_Maint_Innofaso!C:C,B13,T_Maint_Innofaso!F:F,C13,T_Maint_Innofaso!D:D,M$8) -> 0 | N13: =SUMIFS(T_Maint_Innofaso!G:G,T_Maint_Innofaso!B:B,A$11,T_Maint_Innofaso!C:C,B13,T_Maint_Innofaso!F:F,C13,T_Maint_Innofaso!D:D,N$8) -> 0 | O13: =SUMIFS(T_Maint_Innofaso!G:G,T_Maint_Innofaso!B:B,A$11,T_Maint_Innofaso!C:C,B13,T_Maint_Innofaso!F:F,C13,T_Maint_Innofaso!D:D,O$8) -> 0 | P13: =SUM(D13:O13) -> 108.57 | Q13: =P13+P14 -> 139.57 | R13: changement de produit (ENB+) éssai difficile ayant nécéssité beaucoup de maintenance
C14: Corrective | D14: =SUMIFS(T_Maint_Innofaso!G:G,T_Maint_Innofaso!B:B,A$11,T_Maint_Innofaso!C:C,B13,T_Maint_Innofaso!F:F,C14,T_Maint_Innofaso!D:D,compilation!D$8) -> 0 | E14: =SUMIFS(T_Maint_Innofaso!G:G,T_Maint_Innofaso!B:B,A$11,T_Maint_Innofaso!C:C,B13,T_Maint_Innofaso!F:F,C14,T_Maint_Innofaso!D:D,E$8) -> 0 | F14: =SUMIFS(T_Maint_Innofaso!G:G,T_Maint_Innofaso!B:B,A$11,T_Maint_Innofaso!C:C,B13,T_Maint_Innofaso!F:F,C14,T_Maint_Innofaso!D:D,F$8) -> 0 | G14: =SUMIFS(T_Maint_Innofaso!G:G,T_Maint_Innofaso!B:B,A$11,T_Maint_Innofaso!C:C,B13,T_Maint_Innofaso!F:F,C14,T_Maint_Innofaso!D:D,G$8) -> 0.6 | H14: =SUMIFS(T_Maint_Innofaso!G:G,T_Maint_Innofaso!B:B,A$11,T_Maint_Innofaso!C:C,B13,T_Maint_Innofaso!F:F,C14,T_Maint_Innofaso!D:D,H$8) -> 0 | I14: =SUMIFS(T_Maint_Innofaso!G:G,T_Maint_Innofaso!B:B,A$11,T_Maint_Innofaso!C:C,B13,T_Maint_Innofaso!F:F,C14,T_Maint_Innofaso!D:D,I$8) -> 1.6 | J14: =SUMIFS(T_Maint_Innofaso!G:G,T_Maint_Innofaso!B:B,A$11,T_Maint_Innofaso!C:C,B13,T_Maint_Innofaso!F:F,C14,T_Maint_Innofaso!D:D,J$8) -> 26.8 | K14: =SUMIFS(T_Maint_Innofaso!G:G,T_Maint_Innofaso!B:B,A$11,T_Maint_Innofaso!C:C,B13,T_Maint_Innofaso!F:F,C14,T_Maint_Innofaso!D:D,K$8) -> 2 | L14: =SUMIFS(T_Maint_Innofaso!G:G,T_Maint_Innofaso!B:B,A$11,T_Maint_Innofaso!C:C,B13,T_Maint_Innofaso!F:F,C14,T_Maint_Innofaso!D:D,L$8) -> 0 | M14: =SUMIFS(T_Maint_Innofaso!G:G,T_Maint_Innofaso!B:B,A$11,T_Maint_Innofaso!C:C,B13,T_Maint_Innofaso!F:F,C14,T_Maint_Innofaso!D:D,M$8) -> 0 | N14: =SUMIFS(T_Maint_Innofaso!G:G,T_Maint_Innofaso!B:B,A$11,T_Maint_Innofaso!C:C,B13,T_Maint_Innofaso!F:F,C14,T_Maint_Innofaso!D:D,N$8) -> 0 | O14: =SUMIFS(T_Maint_Innofaso!G:G,T_Maint_Innofaso!B:B,A$11,T_Maint_Innofaso!C:C,B13,T_Maint_Innofaso!F:F,C14,T_Maint_Innofaso!D:D,O$8) -> 0 | P14: =SUM(D14:O14) -> 31
A15: 2025 | B15: Apr | C15: Preventive | D15: =SUMIFS(T_Maint_Innofaso!G:G,T_Maint_Innofaso!B:B,A$11,T_Maint_Innofaso!C:C,B15,T_Maint_Innofaso!F:F,C15,T_Maint_Innofaso!D:D,compilation!D$8) -> 2 | E15: =SUMIFS(T_Maint_Innofaso!G:G,T_Maint_Innofaso!B:B,A$11,T_Maint_Innofaso!C:C,B15,T_Maint_Innofaso!F:F,C15,T_Maint_Innofaso!D:D,E$8) -> 1 | F15: =SUMIFS(T_Maint_Innofaso!G:G,T_Maint_Innofaso!B:B,A$11,T_Maint_Innofaso!C:C,B15,T_Maint_Innofaso!F:F,C15,T_Maint_Innofaso!D:D,F$8) -> 6.5 | G15: =SUMIFS(T_Maint_Innofaso!G:G,T_Maint_Innofaso!B:B,A$11,T_Maint_Innofaso!C:C,B15,T_Maint_Innofaso!F:F,C15,T_Maint_Innofaso!D:D,G$8) -> 1 | H15: =SUMIFS(T_Maint_Innofaso!G:G,T_Maint_Innofaso!B:B,A$11,T_Maint_Innofaso!C:C,B15,T_Maint_Innofaso!F:F,C15,T_Maint_Innofaso!D:D,H$8) -> 1.5 | I15: =SUMIFS(T_Maint_Innofaso!G:G,T_Maint_Innofaso!B:B,A$11,T_Maint_Innofaso!C:C,B15,T_Maint_Innofaso!F:F,C15,T_Maint_Innofaso!D:D,I$8) -> 40.67 | J15: =SUMIFS(T_Maint_Innofaso!G:G,T_Maint_Innofaso!B:B,A$11,T_Maint_Innofaso!C:C,B15,T_Maint_Innofaso!F:F,C15,T_Maint_Innofaso!D:D,J$8) -> 9 | K15: =SUMIFS(T_Maint_Innofaso!G:G,T_Maint_Innofaso!B:B,A$11,T_Maint_Innofaso!C:C,B15,T_Maint_Innofaso!F:F,C15,T_Maint_Innofaso!D:D,K$8) -> 1.5 | L15: =SUMIFS(T_Maint_Innofaso!G:G,T_Maint_Innofaso!B:B,A$11,T_Maint_Innofaso!C:C,B15,T_Maint_Innofaso!F:F,C15,T_Maint_Innofaso!D:D,L$8) -> 0 | M15: =SUMIFS(T_Maint_Innofaso!G:G,T_Maint_Innofaso!B:B,A$11,T_Maint_Innofaso!C:C,B15,T_Maint_Innofaso!F:F,C15,T_Maint_Innofaso!D:D,M$8) -> 0 | N15: =SUMIFS(T_Maint_Innofaso!G:G,T_Maint_Innofaso!B:B,A$11,T_Maint_Innofaso!C:C,B15,T_Maint_Innofaso!F:F,C15,T_Maint_Innofaso!D:D,N$8) -> 0 | O15: =SUMIFS(T_Maint_Innofaso!G:G,T_Maint_Innofaso!B:B,A$11,T_Maint_Innofaso!C:C,B15,T_Maint_Innofaso!F:F,C15,T_Maint_Innofaso!D:D,O$8) -> 0 | P15: =SUM(D15:O15) -> 63.17 | Q15: =P15+P16 -> 102.92 | R15: panne sur L4 vers fin avril.panne du doseur. Problème resolu au bout de 10 jours environ | W15: demande de formation supplémentaires sur l'ensacheuse L4 | AB15: RT | AC15: 45838
C16: Corrective | D16: =SUMIFS(T_Maint_Innofaso!G:G,T_Maint_Innofaso!B:B,A$11,T_Maint_Innofaso!C:C,B15,T_Maint_Innofaso!F:F,C16,T_Maint_Innofaso!D:D,compilation!D$8) -> 6.4 | E16: =SUMIFS(T_Maint_Innofaso!G:G,T_Maint_Innofaso!B:B,A$11,T_Maint_Innofaso!C:C,B15,T_Maint_Innofaso!F:F,C16,T_Maint_Innofaso!D:D,E$8) -> 1 | F16: =SUMIFS(T_Maint_Innofaso!G:G,T_Maint_Innofaso!B:B,A$11,T_Maint_Innofaso!C:C,B15,T_Maint_Innofaso!F:F,C16,T_Maint_Innofaso!D:D,F$8) -> 0 | G16: =SUMIFS(T_Maint_Innofaso!G:G,T_Maint_Innofaso!B:B,A$11,T_Maint_Innofaso!C:C,B15,T_Maint_Innofaso!F:F,C16,T_Maint_Innofaso!D:D,G$8) -> 0 | H16: =SUMIFS(T_Maint_Innofaso!G:G,T_Maint_Innofaso!B:B,A$11,T_Maint_Innofaso!C:C,B15,T_Maint_Innofaso!F:F,C16,T_Maint_Innofaso!D:D,H$8) -> 0 | I16: =SUMIFS(T_Maint_Innofaso!G:G,T_Maint_Innofaso!B:B,A$11,T_Maint_Innofaso!C:C,B15,T_Maint_Innofaso!F:F,C16,T_Maint_Innofaso!D:D,I$8) -> 0.5 | J16: =SUMIFS(T_Maint_Innofaso!G:G,T_Maint_Innofaso!B:B,A$11,T_Maint_Innofaso!C:C,B15,T_Maint_Innofaso!F:F,C16,T_Maint_Innofaso!D:D,J$8) -> 28 | K16: =SUMIFS(T_Maint_Innofaso!G:G,T_Maint_Innofaso!B:B,A$11,T_Maint_Innofaso!C:C,B15,T_Maint_Innofaso!F:F,C16,T_Maint_Innofaso!D:D,K$8) -> 0 | L16: =SUMIFS(T_Maint_Innofaso!G:G,T_Maint_Innofaso!B:B,A$11,T_Maint_Innofaso!C:C,B15,T_Maint_Innofaso!F:F,C16,T_Maint_Innofaso!D:D,L$8) -> 3.85 | M16: =SUMIFS(T_Maint_Innofaso!G:G,T_Maint_Innofaso!B:B,A$11,T_Maint_Innofaso!C:C,B15,T_Maint_Innofaso!F:F,C16,T_Maint_Innofaso!D:D,M$8) -> 0 | N16: =SUMIFS(T_Maint_Innofaso!G:G,T_Maint_Innofaso!B:B,A$11,T_Maint_Innofaso!C:C,B15,T_Maint_Innofaso!F:F,C16,T_Maint_Innofaso!D:D,N$8) -> 0 | O16: =SUMIFS(T_Maint_Innofaso!G:G,T_Maint_Innofaso!B:B,A$11,T_Maint_Innofaso!C:C,B15,T_Maint_Innofaso!F:F,C16,T_Maint_Innofaso!D:D,O$8) -> 0 | P16: =SUM(D16:O16) -> 39.75
A17: 2025 | B17: May | C17: Preventive | D17: =SUMIFS(T_Maint_Innofaso!G:G,T_Maint_Innofaso!B:B,A$11,T_Maint_Innofaso!C:C,B17,T_Maint_Innofaso!F:F,C17,T_Maint_Innofaso!D:D,compilation!D$8) -> 9 | E17: =SUMIFS(T_Maint_Innofaso!G:G,T_Maint_Innofaso!B:B,A$11,T_Maint_Innofaso!C:C,B17,T_Maint_Innofaso!F:F,C17,T_Maint_Innofaso!D:D,E$8) -> 1 | F17: =SUMIFS(T_Maint_Innofaso!G:G,T_Maint_Innofaso!B:B,A$11,T_Maint_Innofaso!C:C,B17,T_Maint_Innofaso!F:F,C17,T_Maint_Innofaso!D:D,F$8) -> 3 | G17: =SUMIFS(T_Maint_Innofaso!G:G,T_Maint_Innofaso!B:B,A$11,T_Maint_Innofaso!C:C,B17,T_Maint_Innofaso!F:F,C17,T_Maint_Innofaso!D:D,G$8) -> 1 | H17: =SUMIFS(T_Maint_Innofaso!G:G,T_Maint_Innofaso!B:B,A$11,T_Maint_Innofaso!C:C,B17,T_Maint_Innofaso!F:F,C17,T_Maint_Innofaso!D:D,H$8) -> 1 | I17: =SUMIFS(T_Maint_Innofaso!G:G,T_Maint_Innofaso!B:B,A17,T_Maint_Innofaso!C:C,B17,T_Maint_Innofaso!F:F,C17,T_Maint_Innofaso!D:D,compilation!I8) -> 35.17 | J17: =SUMIFS(T_Maint_Innofaso!G:G,T_Maint_Innofaso!B:B,A$11,T_Maint_Innofaso!C:C,B17,T_Maint_Innofaso!F:F,C17,T_Maint_Innofaso!D:D,J$8) -> 7 | K17: =SUMIFS(T_Maint_Innofaso!G:G,T_Maint_Innofaso!B:B,A$11,T_Maint_Innofaso!C:C,B17,T_Maint_Innofaso!F:F,C17,T_Maint_Innofaso!D:D,K$8) -> 1 | L17: =SUMIFS(T_Maint_Innofaso!G:G,T_Maint_Innofaso!B:B,A$11,T_Maint_Innofaso!C:C,B17,T_Maint_Innofaso!F:F,C17,T_Maint_Innofaso!D:D,L$8) -> 0 | M17: =SUMIFS(T_Maint_Innofaso!G:G,T_Maint_Innofaso!B:B,A$11,T_Maint_Innofaso!C:C,B17,T_Maint_Innofaso!F:F,C17,T_Maint_Innofaso!D:D,M$8) -> 0 | N17: =SUMIFS(T_Maint_Innofaso!G:G,T_Maint_Innofaso!B:B,A$11,T_Maint_Innofaso!C:C,B17,T_Maint_Innofaso!F:F,C17,T_Maint_Innofaso!D:D,N$8) -> 0 | O17: =SUMIFS(T_Maint_Innofaso!G:G,T_Maint_Innofaso!B:B,A$11,T_Maint_Innofaso!C:C,B17,T_Maint_Innofaso!F:F,C17,T_Maint_Innofaso!D:D,O$8) -> 0 | P17: =SUM(D17:O17) -> 58.17 | Q17: =P17+P18 -> 97.97 | R17: incendie sur le compresseur 2 le 16/05/2025 et panne non resolu jusqu'au fin mai. Production sur L4 uniquement | W17: commande en cours pour nouveau compresseur | AB17: RT,LOG,RAF | AC17: 45838
C18: Corrective | D18: =SUMIFS(T_Maint_Innofaso!G:G,T_Maint_Innofaso!B:B,A$11,T_Maint_Innofaso!C:C,B17,T_Maint_Innofaso!F:F,C18,T_Maint_Innofaso!D:D,compilation!D$8) -> 2 | E18: =SUMIFS(T_Maint_Innofaso!G:G,T_Maint_Innofaso!B:B,A$11,T_Maint_Innofaso!C:C,B17,T_Maint_Innofaso!F:F,C18,T_Maint_Innofaso!D:D,E$8) -> 0 | F18: =SUMIFS(T_Maint_Innofaso!G:G,T_Maint_Innofaso!B:B,A$11,T_Maint_Innofaso!C:C,B17,T_Maint_Innofaso!F:F,C18,T_Maint_Innofaso!D:D,F$8) -> 8 | G18: =SUMIFS(T_Maint_Innofaso!G:G,T_Maint_Innofaso!B:B,A$11,T_Maint_Innofaso!C:C,B17,T_Maint_Innofaso!F:F,C16,T_Maint_Innofaso!D:D,G$8) -> 1.5 | H18: =SUMIFS(T_Maint_Innofaso!G:G,T_Maint_Innofaso!B:B,A$11,T_Maint_Innofaso!C:C,B17,T_Maint_Innofaso!F:F,C18,T_Maint_Innofaso!D:D,H$8) -> 0 | I18: =SUMIFS(T_Maint_Innofaso!G:G,T_Maint_Innofaso!B:B,A$11,T_Maint_Innofaso!C:C,B17,T_Maint_Innofaso!F:F,C18,T_Maint_Innofaso!D:D,I$8) -> 0 | J18: =SUMIFS(T_Maint_Innofaso!G:G,T_Maint_Innofaso!B:B,A$11,T_Maint_Innofaso!C:C,B17,T_Maint_Innofaso!F:F,C18,T_Maint_Innofaso!D:D,J$8) -> 21.8 | K18: =SUMIFS(T_Maint_Innofaso!G:G,T_Maint_Innofaso!B:B,A$11,T_Maint_Innofaso!C:C,B17,T_Maint_Innofaso!F:F,C18,T_Maint_Innofaso!D:D,K$8) -> 0 | L18: =SUMIFS(T_Maint_Innofaso!G:G,T_Maint_Innofaso!B:B,A$11,T_Maint_Innofaso!C:C,B17,T_Maint_Innofaso!F:F,C18,T_Maint_Innofaso!D:D,L$8) -> 6.5 | M18: =SUMIFS(T_Maint_Innofaso!G:G,T_Maint_Innofaso!B:B,A$11,T_Maint_Innofaso!C:C,B17,T_Maint_Innofaso!F:F,C18,T_Maint_Innofaso!D:D,M$8) -> 0 | N18: =SUMIFS(T_Maint_Innofaso!G:G,T_Maint_Innofaso!B:B,A$11,T_Maint_Innofaso!C:C,B17,T_Maint_Innofaso!F:F,C18,T_Maint_Innofaso!D:D,N$8) -> 0 | O18: =SUMIFS(T_Maint_Innofaso!G:G,T_Maint_Innofaso!B:B,A$11,T_Maint_Innofaso!C:C,B17,T_Maint_Innofaso!F:F,C18,T_Maint_Innofaso!D:D,O$8) -> 0 | P18: =SUM(D18:O18) -> 39.8
A19: 2025 | B19: Jun | C19: Preventive | D19: =SUMIFS(T_Maint_Innofaso!G:G,T_Maint_Innofaso!B:B,A$11,T_Maint_Innofaso!C:C,B19,T_Maint_Innofaso!F:F,C19,T_Maint_Innofaso!D:D,compilation!D$8) -> 2 | E19: =SUMIFS(T_Maint_Innofaso!G:G,T_Maint_Innofaso!B:B,A$11,T_Maint_Innofaso!C:C,B19,T_Maint_Innofaso!F:F,C19,T_Maint_Innofaso!D:D,E$8) -> 1 | F19: =SUMIFS(T_Maint_Innofaso!G:G,T_Maint_Innofaso!B:B,A$11,T_Maint_Innofaso!C:C,B19,T_Maint_Innofaso!F:F,C19,T_Maint_Innofaso!D:D,F$8) -> 3 | G19: =SUMIFS(T_Maint_Innofaso!G:G,T_Maint_Innofaso!B:B,A$11,T_Maint_Innofaso!C:C,B19,T_Maint_Innofaso!F:F,C19,T_Maint_Innofaso!D:D,G$8) -> 1 | H19: =SUMIFS(T_Maint_Innofaso!G:G,T_Maint_Innofaso!B:B,A$11,T_Maint_Innofaso!C:C,B19,T_Maint_Innofaso!F:F,C19,T_Maint_Innofaso!D:D,H$8) -> 1 | I19: =SUMIFS(T_Maint_Innofaso!G:G,T_Maint_Innofaso!B:B,A19,T_Maint_Innofaso!C:C,B19,T_Maint_Innofaso!F:F,C19,T_Maint_Innofaso!D:D,I8) -> 40.17 | J19: =SUMIFS(T_Maint_Innofaso!G:G,T_Maint_Innofaso!B:B,A$11,T_Maint_Innofaso!C:C,B19,T_Maint_Innofaso!F:F,C19,T_Maint_Innofaso!D:D,J$8) -> 7 | K19: =SUMIFS(T_Maint_Innofaso!G:G,T_Maint_Innofaso!B:B,A$11,T_Maint_Innofaso!C:C,B19,T_Maint_Innofaso!F:F,C19,T_Maint_Innofaso!D:D,K$8) -> 1 | L19: =SUMIFS(T_Maint_Innofaso!G:G,T_Maint_Innofaso!B:B,A$11,T_Maint_Innofaso!C:C,B19,T_Maint_Innofaso!F:F,C19,T_Maint_Innofaso!D:D,L$8) -> 0 | M19: =SUMIFS(T_Maint_Innofaso!G:G,T_Maint_Innofaso!B:B,A$11,T_Maint_Innofaso!C:C,B19,T_Maint_Innofaso!F:F,C19,T_Maint_Innofaso!D:D,M$8) -> 0 | N19: =SUMIFS(T_Maint_Innofaso!G:G,T_Maint_Innofaso!B:B,A$11,T_Maint_Innofaso!C:C,B19,T_Maint_Innofaso!F:F,C19,T_Maint_Innofaso!D:D,N$8) -> 0 | O19: =SUMIFS(T_Maint_Innofaso!G:G,T_Maint_Innofaso!B:B,A$11,T_Maint_Innofaso!C:C,B19,T_Maint_Innofaso!F:F,C19,T_Maint_Innofaso!D:D,O$8) -> 0 | P19: =SUM(D19:O19) -> 56.17 | Q19: =P19+P20 -> 82.12
C20: Corrective | D20: =SUMIFS(T_Maint_Innofaso!G:G,T_Maint_Innofaso!B:B,A$11,T_Maint_Innofaso!C:C,B19,T_Maint_Innofaso!F:F,C20,T_Maint_Innofaso!D:D,compilation!D$8) -> 3 | E20: =SUMIFS(T_Maint_Innofaso!G:G,T_Maint_Innofaso!B:B,A$11,T_Maint_Innofaso!C:C,B19,T_Maint_Innofaso!F:F,C20,T_Maint_Innofaso!D:D,E$8) -> 0 | F20: =SUMIFS(T_Maint_Innofaso!G:G,T_Maint_Innofaso!B:B,A$11,T_Maint_Innofaso!C:C,B19,T_Maint_Innofaso!F:F,C20,T_Maint_Innofaso!D:D,F$8) -> 1 | G20: =SUMIFS(T_Maint_Innofaso!G:G,T_Maint_Innofaso!B:B,A$11,T_Maint_Innofaso!C:C,B20,T_Maint_Innofaso!F:F,C20,T_Maint_Innofaso!D:D,G$8) -> 0 | H20: =SUMIFS(T_Maint_Innofaso!G:G,T_Maint_Innofaso!B:B,A$11,T_Maint_Innofaso!C:C,B19,T_Maint_Innofaso!F:F,C20,T_Maint_Innofaso!D:D,H$8) -> 0 | I20: =SUMIFS(T_Maint_Innofaso!G:G,T_Maint_Innofaso!B:B,A$11,T_Maint_Innofaso!C:C,B19,T_Maint_Innofaso!F:F,C20,T_Maint_Innofaso!D:D,I$8) -> 0 | J20: =SUMIFS(T_Maint_Innofaso!G:G,T_Maint_Innofaso!B:B,A$11,T_Maint_Innofaso!C:C,B19,T_Maint_Innofaso!F:F,C20,T_Maint_Innofaso!D:D,J$8) -> 11.25 | K20: =SUMIFS(T_Maint_Innofaso!G:G,T_Maint_Innofaso!B:B,A$11,T_Maint_Innofaso!C:C,B19,T_Maint_Innofaso!F:F,C20,T_Maint_Innofaso!D:D,K$8) -> 10.7 | L20: =SUMIFS(T_Maint_Innofaso!G:G,T_Maint_Innofaso!B:B,A$11,T_Maint_Innofaso!C:C,B19,T_Maint_Innofaso!F:F,C20,T_Maint_Innofaso!D:D,L$8) -> 0 | M20: =SUMIFS(T_Maint_Innofaso!G:G,T_Maint_Innofaso!B:B,A$11,T_Maint_Innofaso!C:C,B19,T_Maint_Innofaso!F:F,C20,T_Maint_Innofaso!D:D,M$8) -> 0 | N20: =SUMIFS(T_Maint_Innofaso!G:G,T_Maint_Innofaso!B:B,A$11,T_Maint_Innofaso!C:C,B19,T_Maint_Innofaso!F:F,C20,T_Maint_Innofaso!D:D,N$8) -> 0 | O20: =SUMIFS(T_Maint_Innofaso!G:G,T_Maint_Innofaso!B:B,A$11,T_Maint_Innofaso!C:C,B19,T_Maint_Innofaso!F:F,C20,T_Maint_Innofaso!D:D,O$8) -> 0 | P20: =SUM(D20:O20) -> 25.95
A21: 2025 | B21: Jul | C21: Preventive | D21: =SUMIFS(T_Maint_Innofaso!G:G,T_Maint_Innofaso!B:B,A$11,T_Maint_Innofaso!C:C,B21,T_Maint_Innofaso!F:F,C21,T_Maint_Innofaso!D:D,compilation!D$8) -> 33 | E21: =SUMIFS(T_Maint_Innofaso!G:G,T_Maint_Innofaso!B:B,A$11,T_Maint_Innofaso!C:C,B21,T_Maint_Innofaso!F:F,C21,T_Maint_Innofaso!D:D,compilation!E$8) -> 1 | F21: =SUMIFS(T_Maint_Innofaso!G:G,T_Maint_Innofaso!B:B,A$11,T_Maint_Innofaso!C:C,B21,T_Maint_Innofaso!F:F,C21,T_Maint_Innofaso!D:D,F$8) -> 3 | G21: =SUMIFS(T_Maint_Innofaso!G:G,T_Maint_Innofaso!B:B,A$11,T_Maint_Innofaso!C:C,B21,T_Maint_Innofaso!F:F,C21,T_Maint_Innofaso!D:D,G$8) -> 1 | H21: =SUMIFS(T_Maint_Innofaso!G:G,T_Maint_Innofaso!B:B,A$11,T_Maint_Innofaso!C:C,B21,T_Maint_Innofaso!F:F,C21,T_Maint_Innofaso!D:D,H$8) -> 1 | I21: =SUMIFS(T_Maint_Innofaso!G:G,T_Maint_Innofaso!B:B,A$11,T_Maint_Innofaso!C:C,B21,T_Maint_Innofaso!F:F,C21,T_Maint_Innofaso!D:D,I$8) -> 31.67 | J21: =SUMIFS(T_Maint_Innofaso!G:G,T_Maint_Innofaso!B:B,A$11,T_Maint_Innofaso!C:C,B21,T_Maint_Innofaso!F:F,C21,T_Maint_Innofaso!D:D,J$8) -> 7 | K21: =SUMIFS(T_Maint_Innofaso!G:G,T_Maint_Innofaso!B:B,A$11,T_Maint_Innofaso!C:C,B21,T_Maint_Innofaso!F:F,C21,T_Maint_Innofaso!D:D,K$8) -> 1 | L21: =SUMIFS(T_Maint_Innofaso!G:G,T_Maint_Innofaso!B:B,A$11,T_Maint_Innofaso!C:C,B21,T_Maint_Innofaso!F:F,C21,T_Maint_Innofaso!D:D,L$8) -> 0 | M21: =SUMIFS(T_Maint_Innofaso!G:G,T_Maint_Innofaso!B:B,A$11,T_Maint_Innofaso!C:C,B21,T_Maint_Innofaso!F:F,C21,T_Maint_Innofaso!D:D,M$8) -> 0 | N21: =SUMIFS(T_Maint_Innofaso!G:G,T_Maint_Innofaso!B:B,A$11,T_Maint_Innofaso!C:C,B21,T_Maint_Innofaso!F:F,C21,T_Maint_Innofaso!D:D,N$8) -> 0 | O21: =SUMIFS(T_Maint_Innofaso!G:G,T_Maint_Innofaso!B:B,A$11,T_Maint_Innofaso!C:C,B21,T_Maint_Innofaso!F:F,C21,T_Maint_Innofaso!D:D,O$8) -> 0 | P21: =SUM(D21:O21) -> 78.67 | Q21: =P21+P22 -> 125.02 | R21: incendie sur le compresseur 2 le 16/05/2025 et panne non resolu jusqu'au fin mai. Production sur L4 uniquement | W21: installation du compresseur3 du 22 au 25 | AB21: RT/CM/AM | AC21: CLOS
C22: Corrective | D22: =SUMIFS(T_Maint_Innofaso!G:G,T_Maint_Innofaso!B:B,A$11,T_Maint_Innofaso!C:C,B21,T_Maint_Innofaso!F:F,C22,T_Maint_Innofaso!D:D,compilation!D$8) -> 0 | E22: =SUMIFS(T_Maint_Innofaso!G:G,T_Maint_Innofaso!B:B,A$11,T_Maint_Innofaso!C:C,B21,T_Maint_Innofaso!F:F,C22,T_Maint_Innofaso!D:D,E$8) -> 0 | F22: =SUMIFS(T_Maint_Innofaso!G:G,T_Maint_Innofaso!B:B,A$11,T_Maint_Innofaso!C:C,B21,T_Maint_Innofaso!F:F,C22,T_Maint_Innofaso!D:D,F$8) -> 4.7 | G22: =SUMIFS(T_Maint_Innofaso!G:G,T_Maint_Innofaso!B:B,A$11,T_Maint_Innofaso!C:C,B21,T_Maint_Innofaso!F:F,C22,T_Maint_Innofaso!D:D,G$8) -> 0 | H22: =SUMIFS(T_Maint_Innofaso!G:G,T_Maint_Innofaso!B:B,A$11,T_Maint_Innofaso!C:C,B21,T_Maint_Innofaso!F:F,C22,T_Maint_Innofaso!D:D,H$8) -> 0 | I22: =SUMIFS(T_Maint_Innofaso!G:G,T_Maint_Innofaso!B:B,A$11,T_Maint_Innofaso!C:C,B21,T_Maint_Innofaso!F:F,C22,T_Maint_Innofaso!D:D,I$8) -> 3.4 | J22: =SUMIFS(T_Maint_Innofaso!G:G,T_Maint_Innofaso!B:B,A$11,T_Maint_Innofaso!C:C,B21,T_Maint_Innofaso!F:F,C22,T_Maint_Innofaso!D:D,J$8) -> 23.8 | K22: =SUMIFS(T_Maint_Innofaso!G:G,T_Maint_Innofaso!B:B,A$11,T_Maint_Innofaso!C:C,B21,T_Maint_Innofaso!F:F,C22,T_Maint_Innofaso!D:D,K$8) -> 5 | L22: =SUMIFS(T_Maint_Innofaso!G:G,T_Maint_Innofaso!B:B,A$11,T_Maint_Innofaso!C:C,B21,T_Maint_Innofaso!F:F,C22,T_Maint_Innofaso!D:D,L$8) -> 0.95 | M22: =SUMIFS(T_Maint_Innofaso!G:G,T_Maint_Innofaso!B:B,A$11,T_Maint_Innofaso!C:C,B21,T_Maint_Innofaso!F:F,C22,T_Maint_Innofaso!D:D,M$8) -> 8.5 | N22: =SUMIFS(T_Maint_Innofaso!G:G,T_Maint_Innofaso!B:B,A$11,T_Maint_Innofaso!C:C,B21,T_Maint_Innofaso!F:F,C22,T_Maint_Innofaso!D:D,N$8) -> 0 | O22: =SUMIFS(T_Maint_Innofaso!G:G,T_Maint_Innofaso!B:B,A$11,T_Maint_Innofaso!C:C,B21,T_Maint_Innofaso!F:F,C22,T_Maint_Innofaso!D:D,O$8) -> 0 | P22: =SUM(D22:O22) -> 46.35
A23: 2025 | B23: Aug | C23: Preventive | D23: =SUMIFS(T_Maint_Innofaso!G:G,T_Maint_Innofaso!B:B,A$11,T_Maint_Innofaso!C:C,B23,T_Maint_Innofaso!F:F,C23,T_Maint_Innofaso!D:D,compilation!D$8) -> 2 | E23: =SUMIFS(T_Maint_Innofaso!G:G,T_Maint_Innofaso!B:B,A$11,T_Maint_Innofaso!C:C,B23,T_Maint_Innofaso!F:F,C23,T_Maint_Innofaso!D:D,E$8) -> 1 | F23: =SUMIFS(T_Maint_Innofaso!G:G,T_Maint_Innofaso!B:B,A$11,T_Maint_Innofaso!C:C,B23,T_Maint_Innofaso!F:F,C23,T_Maint_Innofaso!D:D,F$8) -> 3 | G23: =SUMIFS(T_Maint_Innofaso!G:G,T_Maint_Innofaso!B:B,A$11,T_Maint_Innofaso!C:C,B23,T_Maint_Innofaso!F:F,C23,T_Maint_Innofaso!D:D,G$8) -> 1 | H23: =SUMIFS(T_Maint_Innofaso!G:G,T_Maint_Innofaso!B:B,A$11,T_Maint_Innofaso!C:C,B23,T_Maint_Innofaso!F:F,C23,T_Maint_Innofaso!D:D,H$8) -> 1 | I23: =SUMIFS(T_Maint_Innofaso!G:G,T_Maint_Innofaso!B:B,A$11,T_Maint_Innofaso!C:C,B23,T_Maint_Innofaso!F:F,C23,T_Maint_Innofaso!D:D,I$8) -> 31.67 | J23: =SUMIFS(T_Maint_Innofaso!G:G,T_Maint_Innofaso!B:B,A$11,T_Maint_Innofaso!C:C,B23,T_Maint_Innofaso!F:F,C23,T_Maint_Innofaso!D:D,J$8) -> 7 | K23: =SUMIFS(T_Maint_Innofaso!G:G,T_Maint_Innofaso!B:B,A$11,T_Maint_Innofaso!C:C,B23,T_Maint_Innofaso!F:F,C23,T_Maint_Innofaso!D:D,K$8) -> 1 | L23: =SUMIFS(T_Maint_Innofaso!G:G,T_Maint_Innofaso!B:B,A$11,T_Maint_Innofaso!C:C,B23,T_Maint_Innofaso!F:F,C23,T_Maint_Innofaso!D:D,L$8) -> 4 | M23: =SUMIFS(T_Maint_Innofaso!G:G,T_Maint_Innofaso!B:B,A$11,T_Maint_Innofaso!C:C,B23,T_Maint_Innofaso!F:F,C23,T_Maint_Innofaso!D:D,M$8) -> 0 | N23: =SUMIFS(T_Maint_Innofaso!G:G,T_Maint_Innofaso!B:B,A$11,T_Maint_Innofaso!C:C,B23,T_Maint_Innofaso!F:F,C23,T_Maint_Innofaso!D:D,N$8) -> 0 | O23: =SUMIFS(T_Maint_Innofaso!G:G,T_Maint_Innofaso!B:B,A$11,T_Maint_Innofaso!C:C,B23,T_Maint_Innofaso!F:F,C23,T_Maint_Innofaso!D:D,O$8) -> 0 | P23: =SUM(D23:O23) -> 51.67 | Q23: =P23+P24 -> 94.72 | R23: Beaucoup de panne avec L4. problème de lames qui cassent | W23: commande de lame en cours | AB23: 45900 | AC23: clos
C24: Corrective | D24: =SUMIFS(T_Maint_Innofaso!G:G,T_Maint_Innofaso!B:B,A$11,T_Maint_Innofaso!C:C,B23,T_Maint_Innofaso!F:F,C24,T_Maint_Innofaso!D:D,compilation!D$8) -> 0 | E24: =SUMIFS(T_Maint_Innofaso!G:G,T_Maint_Innofaso!B:B,A$11,T_Maint_Innofaso!C:C,B23,T_Maint_Innofaso!F:F,C24,T_Maint_Innofaso!D:D,E$8) -> 0 | F24: =SUMIFS(T_Maint_Innofaso!G:G,T_Maint_Innofaso!B:B,A$11,T_Maint_Innofaso!C:C,B23,T_Maint_Innofaso!F:F,C24,T_Maint_Innofaso!D:D,F$8) -> 1.5 | G24: =SUMIFS(T_Maint_Innofaso!G:G,T_Maint_Innofaso!B:B,A$11,T_Maint_Innofaso!C:C,B23,T_Maint_Innofaso!F:F,C24,T_Maint_Innofaso!D:D,G$8) -> 5.9 | H24: =SUMIFS(T_Maint_Innofaso!G:G,T_Maint_Innofaso!B:B,A$11,T_Maint_Innofaso!C:C,B23,T_Maint_Innofaso!F:F,C24,T_Maint_Innofaso!D:D,H$8) -> 0 | I24: =SUMIFS(T_Maint_Innofaso!G:G,T_Maint_Innofaso!B:B,A$11,T_Maint_Innofaso!C:C,B23,T_Maint_Innofaso!F:F,C24,T_Maint_Innofaso!D:D,I$8) -> 1 | J24: =SUMIFS(T_Maint_Innofaso!G:G,T_Maint_Innofaso!B:B,A$11,T_Maint_Innofaso!C:C,B23,T_Maint_Innofaso!F:F,C24,T_Maint_Innofaso!D:D,J$8) -> 33.65 | K24: =SUMIFS(T_Maint_Innofaso!G:G,T_Maint_Innofaso!B:B,A$11,T_Maint_Innofaso!C:C,B23,T_Maint_Innofaso!F:F,C24,T_Maint_Innofaso!D:D,K$8) -> 1 | L24: =SUMIFS(T_Maint_Innofaso!G:G,T_Maint_Innofaso!B:B,A$11,T_Maint_Innofaso!C:C,B23,T_Maint_Innofaso!F:F,C24,T_Maint_Innofaso!D:D,L$8) -> 0 | M24: =SUMIFS(T_Maint_Innofaso!G:G,T_Maint_Innofaso!B:B,A$11,T_Maint_Innofaso!C:C,B23,T_Maint_Innofaso!F:F,C24,T_Maint_Innofaso!D:D,M$8) -> 0 | N24: =SUMIFS(T_Maint_Innofaso!G:G,T_Maint_Innofaso!B:B,A$11,T_Maint_Innofaso!C:C,B23,T_Maint_Innofaso!F:F,C24,T_Maint_Innofaso!D:D,N$8) -> 0 | O24: =SUMIFS(T_Maint_Innofaso!G:G,T_Maint_Innofaso!B:B,A$11,T_Maint_Innofaso!C:C,B23,T_Maint_Innofaso!F:F,C24,T_Maint_Innofaso!D:D,O$8) -> 0 | P24: =SUM(D24:O24) -> 43.05
A25: 2025 | B25: Sep | C25: Preventive | D25: =SUMIFS(T_Maint_Innofaso!G:G,T_Maint_Innofaso!B:B,A$11,T_Maint_Innofaso!C:C,B25,T_Maint_Innofaso!F:F,C25,T_Maint_Innofaso!D:D,compilation!D$8) -> 2 | E25: =SUMIFS(T_Maint_Innofaso!G:G,T_Maint_Innofaso!B:B,A$11,T_Maint_Innofaso!C:C,B25,T_Maint_Innofaso!F:F,C25,T_Maint_Innofaso!D:D,E$8) -> 1 | F25: =SUMIFS(T_Maint_Innofaso!G:G,T_Maint_Innofaso!B:B,A$11,T_Maint_Innofaso!C:C,B25,T_Maint_Innofaso!F:F,C25,T_Maint_Innofaso!D:D,F$8) -> 28.5 | G25: =SUMIFS(T_Maint_Innofaso!G:G,T_Maint_Innofaso!B:B,A$11,T_Maint_Innofaso!C:C,B25,T_Maint_Innofaso!F:F,C25,T_Maint_Innofaso!D:D,G$8) -> 1 | H25: =SUMIFS(T_Maint_Innofaso!G:G,T_Maint_Innofaso!B:B,A$11,T_Maint_Innofaso!C:C,B25,T_Maint_Innofaso!F:F,C25,T_Maint_Innofaso!D:D,H$8) -> 1.5 | I25: =SUMIFS(T_Maint_Innofaso!G:G,T_Maint_Innofaso!B:B,A$11,T_Maint_Innofaso!C:C,B25,T_Maint_Innofaso!F:F,C25,T_Maint_Innofaso!D:D,I$8) -> 43.67 | J25: =SUMIFS(T_Maint_Innofaso!G:G,T_Maint_Innofaso!B:B,A$11,T_Maint_Innofaso!C:C,B25,T_Maint_Innofaso!F:F,C25,T_Maint_Innofaso!D:D,J$8) -> 25 | K25: =SUMIFS(T_Maint_Innofaso!G:G,T_Maint_Innofaso!B:B,A$11,T_Maint_Innofaso!C:C,B25,T_Maint_Innofaso!F:F,C25,T_Maint_Innofaso!D:D,K$8) -> 1.5 | L25: =SUMIFS(T_Maint_Innofaso!G:G,T_Maint_Innofaso!B:B,A$11,T_Maint_Innofaso!C:C,B25,T_Maint_Innofaso!F:F,C25,T_Maint_Innofaso!D:D,L$8) -> 4 | M25: =SUMIFS(T_Maint_Innofaso!G:G,T_Maint_Innofaso!B:B,A$11,T_Maint_Innofaso!C:C,B25,T_Maint_Innofaso!F:F,C25,T_Maint_Innofaso!D:D,M$8) -> 0 | N25: =SUMIFS(T_Maint_Innofaso!G:G,T_Maint_Innofaso!B:B,A$11,T_Maint_Innofaso!C:C,B25,T_Maint_Innofaso!F:F,C25,T_Maint_Innofaso!D:D,N$8) -> 0 | O25: =SUMIFS(T_Maint_Innofaso!G:G,T_Maint_Innofaso!B:B,A$11,T_Maint_Innofaso!C:C,B25,T_Maint_Innofaso!F:F,C25,T_Maint_Innofaso!D:D,O$8) -> 0 | P25: =SUM(D25:O25) -> 108.17 | Q25: =P25+P26 -> 129.77 | R25: changement de produit (ENB+)
C26: Corrective | D26: =SUMIFS(T_Maint_Innofaso!G:G,T_Maint_Innofaso!B:B,A$11,T_Maint_Innofaso!C:C,B25,T_Maint_Innofaso!F:F,C26,T_Maint_Innofaso!D:D,compilation!D$8) -> 1 | E26: =SUMIFS(T_Maint_Innofaso!G:G,T_Maint_Innofaso!B:B,A$11,T_Maint_Innofaso!C:C,B25,T_Maint_Innofaso!F:F,C26,T_Maint_Innofaso!D:D,E$8) -> 0 | F26: =SUMIFS(T_Maint_Innofaso!G:G,T_Maint_Innofaso!B:B,A$11,T_Maint_Innofaso!C:C,B25,T_Maint_Innofaso!F:F,C26,T_Maint_Innofaso!D:D,F$8) -> 4 | G26: =SUMIFS(T_Maint_Innofaso!G:G,T_Maint_Innofaso!B:B,A$11,T_Maint_Innofaso!C:C,B25,T_Maint_Innofaso!F:F,C26,T_Maint_Innofaso!D:D,G$8) -> 1 | H26: =SUMIFS(T_Maint_Innofaso!G:G,T_Maint_Innofaso!B:B,A$11,T_Maint_Innofaso!C:C,B25,T_Maint_Innofaso!F:F,C26,T_Maint_Innofaso!D:D,H$8) -> 0 | I26: =SUMIFS(T_Maint_Innofaso!G:G,T_Maint_Innofaso!B:B,A$11,T_Maint_Innofaso!C:C,B25,T_Maint_Innofaso!F:F,C26,T_Maint_Innofaso!D:D,I$8) -> 0 | J26: =SUMIFS(T_Maint_Innofaso!G:G,T_Maint_Innofaso!B:B,A$11,T_Maint_Innofaso!C:C,B25,T_Maint_Innofaso!F:F,C26,T_Maint_Innofaso!D:D,J$8) -> 6.85 | K26: =SUMIFS(T_Maint_Innofaso!G:G,T_Maint_Innofaso!B:B,A$11,T_Maint_Innofaso!C:C,B25,T_Maint_Innofaso!F:F,C26,T_Maint_Innofaso!D:D,K$8) -> 1 | L26: =SUMIFS(T_Maint_Innofaso!G:G,T_Maint_Innofaso!B:B,A$11,T_Maint_Innofaso!C:C,B25,T_Maint_Innofaso!F:F,C26,T_Maint_Innofaso!D:D,L$8) -> 5.75 | M26: =SUMIFS(T_Maint_Innofaso!G:G,T_Maint_Innofaso!B:B,A$11,T_Maint_Innofaso!C:C,B25,T_Maint_Innofaso!F:F,C26,T_Maint_Innofaso!D:D,M$8) -> 0 | N26: =SUMIFS(T_Maint_Innofaso!G:G,T_Maint_Innofaso!B:B,A$11,T_Maint_Innofaso!C:C,B25,T_Maint_Innofaso!F:F,C26,T_Maint_Innofaso!D:D,N$8) -> 0 | O26: =SUMIFS(T_Maint_Innofaso!G:G,T_Maint_Innofaso!B:B,A$11,T_Maint_Innofaso!C:C,B25,T_Maint_Innofaso!F:F,C26,T_Maint_Innofaso!D:D,O$8) -> 2 | P26: =SUM(D26:O26) -> 21.6
A27: 2025 | B27: Oct | C27: Preventive | D27: =SUMIFS(T_Maint_Innofaso!G:G,T_Maint_Innofaso!B:B,A$11,T_Maint_Innofaso!C:C,B27,T_Maint_Innofaso!F:F,C27,T_Maint_Innofaso!D:D,compilation!D$8) -> 2 | E27: =SUMIFS(T_Maint_Innofaso!G:G,T_Maint_Innofaso!B:B,A$11,T_Maint_Innofaso!C:C,B27,T_Maint_Innofaso!F:F,C27,T_Maint_Innofaso!D:D,E$8) -> 1 | F27: =SUMIFS(T_Maint_Innofaso!G:G,T_Maint_Innofaso!B:B,A$11,T_Maint_Innofaso!C:C,B27,T_Maint_Innofaso!F:F,C27,T_Maint_Innofaso!D:D,F$8) -> 25 | G27: =SUMIFS(T_Maint_Innofaso!G:G,T_Maint_Innofaso!B:B,A$11,T_Maint_Innofaso!C:C,B27,T_Maint_Innofaso!F:F,C27,T_Maint_Innofaso!D:D,G$8) -> 1 | H27: =SUMIFS(T_Maint_Innofaso!G:G,T_Maint_Innofaso!B:B,A$11,T_Maint_Innofaso!C:C,B27,T_Maint_Innofaso!F:F,C27,T_Maint_Innofaso!D:D,H$8) -> 1 | I27: =SUMIFS(T_Maint_Innofaso!G:G,T_Maint_Innofaso!B:B,A$11,T_Maint_Innofaso!C:C,B27,T_Maint_Innofaso!F:F,C27,T_Maint_Innofaso!D:D,I$8) -> 33.67 | J27: =SUMIFS(T_Maint_Innofaso!G:G,T_Maint_Innofaso!B:B,A$11,T_Maint_Innofaso!C:C,B27,T_Maint_Innofaso!F:F,C27,T_Maint_Innofaso!D:D,J$8) -> 23 | K27: =SUMIFS(T_Maint_Innofaso!G:G,T_Maint_Innofaso!B:B,A$11,T_Maint_Innofaso!C:C,B27,T_Maint_Innofaso!F:F,C27,T_Maint_Innofaso!D:D,K$8) -> 1 | L27: =SUMIFS(T_Maint_Innofaso!G:G,T_Maint_Innofaso!B:B,A$11,T_Maint_Innofaso!C:C,B27,T_Maint_Innofaso!F:F,C27,T_Maint_Innofaso!D:D,L$8) -> 4 | M27: =SUMIFS(T_Maint_Innofaso!G:G,T_Maint_Innofaso!B:B,A$11,T_Maint_Innofaso!C:C,B27,T_Maint_Innofaso!F:F,C27,T_Maint_Innofaso!D:D,M$8) -> 0 | N27: =SUMIFS(T_Maint_Innofaso!G:G,T_Maint_Innofaso!B:B,A$11,T_Maint_Innofaso!C:C,B27,T_Maint_Innofaso!F:F,C27,T_Maint_Innofaso!D:D,N$8) -> 0 | O27: =SUMIFS(T_Maint_Innofaso!G:G,T_Maint_Innofaso!B:B,A$11,T_Maint_Innofaso!C:C,B27,T_Maint_Innofaso!F:F,C27,T_Maint_Innofaso!D:D,O$8) -> 0 | P27: =SUM(D27:O27) -> 91.67 | Q27: =P27+P28 -> 126.32 | R27: bonne production constatée sans problèmes majeures
C28: Corrective | D28: =SUMIFS(T_Maint_Innofaso!G:G,T_Maint_Innofaso!B:B,A$11,T_Maint_Innofaso!C:C,B27,T_Maint_Innofaso!F:F,C28,T_Maint_Innofaso!D:D,compilation!D$8) -> 0.25 | E28: =SUMIFS(T_Maint_Innofaso!G:G,T_Maint_Innofaso!B:B,A$11,T_Maint_Innofaso!C:C,B27,T_Maint_Innofaso!F:F,C28,T_Maint_Innofaso!D:D,E$8) -> 0 | F28: =SUMIFS(T_Maint_Innofaso!G:G,T_Maint_Innofaso!B:B,A$11,T_Maint_Innofaso!C:C,B27,T_Maint_Innofaso!F:F,C28,T_Maint_Innofaso!D:D,F$8) -> 0 | G28: =SUMIFS(T_Maint_Innofaso!G:G,T_Maint_Innofaso!B:B,A$11,T_Maint_Innofaso!C:C,B27,T_Maint_Innofaso!F:F,C28,T_Maint_Innofaso!D:D,G$8) -> 0 | H28: =SUMIFS(T_Maint_Innofaso!G:G,T_Maint_Innofaso!B:B,A$11,T_Maint_Innofaso!C:C,B27,T_Maint_Innofaso!F:F,C28,T_Maint_Innofaso!D:D,H$8) -> 0 | I28: =SUMIFS(T_Maint_Innofaso!G:G,T_Maint_Innofaso!B:B,A$11,T_Maint_Innofaso!C:C,B27,T_Maint_Innofaso!F:F,C28,T_Maint_Innofaso!D:D,I$8) -> 7.5 | J28: =SUMIFS(T_Maint_Innofaso!G:G,T_Maint_Innofaso!B:B,A27,T_Maint_Innofaso!C:C,B27,T_Maint_Innofaso!F:F,C28,T_Maint_Innofaso!D:D,J8) -> 16.9 | K28: =SUMIFS(T_Maint_Innofaso!G:G,T_Maint_Innofaso!B:B,A$11,T_Maint_Innofaso!C:C,B27,T_Maint_Innofaso!F:F,C28,T_Maint_Innofaso!D:D,K$8) -> 7.5 | L28: =SUMIFS(T_Maint_Innofaso!G:G,T_Maint_Innofaso!B:B,A$11,T_Maint_Innofaso!C:C,B27,T_Maint_Innofaso!F:F,C28,T_Maint_Innofaso!D:D,L$8) -> 2.5 | M28: =SUMIFS(T_Maint_Innofaso!G:G,T_Maint_Innofaso!B:B,A$11,T_Maint_Innofaso!C:C,B27,T_Maint_Innofaso!F:F,C28,T_Maint_Innofaso!D:D,M$8) -> 0 | N28: =SUMIFS(T_Maint_Innofaso!G:G,T_Maint_Innofaso!B:B,A$11,T_Maint_Innofaso!C:C,B27,T_Maint_Innofaso!F:F,C28,T_Maint_Innofaso!D:D,N$8) -> 0 | O28: =SUMIFS(T_Maint_Innofaso!G:G,T_Maint_Innofaso!B:B,A$11,T_Maint_Innofaso!C:C,B27,T_Maint_Innofaso!F:F,C28,T_Maint_Innofaso!D:D,O$8) -> 0 | P28: =SUM(D28:O28) -> 34.65
A29: 2025 | B29: Nov | C29: Preventive | D29: =SUMIFS(T_Maint_Innofaso!G:G,T_Maint_Innofaso!B:B,A$11,T_Maint_Innofaso!C:C,B29,T_Maint_Innofaso!F:F,C29,T_Maint_Innofaso!D:D,compilation!D$8) -> 2 | E29: =SUMIFS(T_Maint_Innofaso!G:G,T_Maint_Innofaso!B:B,A$11,T_Maint_Innofaso!C:C,B29,T_Maint_Innofaso!F:F,C29,T_Maint_Innofaso!D:D,E$8) -> 1 | F29: =SUMIFS(T_Maint_Innofaso!G:G,T_Maint_Innofaso!B:B,A$11,T_Maint_Innofaso!C:C,B29,T_Maint_Innofaso!F:F,C29,T_Maint_Innofaso!D:D,F$8) -> 25 | G29: =SUMIFS(T_Maint_Innofaso!G:G,T_Maint_Innofaso!B:B,A$11,T_Maint_Innofaso!C:C,B29,T_Maint_Innofaso!F:F,C29,T_Maint_Innofaso!D:D,G$8) -> 1 | H29: =SUMIFS(T_Maint_Innofaso!G:G,T_Maint_Innofaso!B:B,A$11,T_Maint_Innofaso!C:C,B29,T_Maint_Innofaso!F:F,C29,T_Maint_Innofaso!D:D,H$8) -> 1 | I29: =SUMIFS(T_Maint_Innofaso!G:G,T_Maint_Innofaso!B:B,A$11,T_Maint_Innofaso!C:C,B29,T_Maint_Innofaso!F:F,C29,T_Maint_Innofaso!D:D,I$8) -> 33.67 | J29: =SUMIFS(T_Maint_Innofaso!G:G,T_Maint_Innofaso!B:B,A$11,T_Maint_Innofaso!C:C,B29,T_Maint_Innofaso!F:F,C29,T_Maint_Innofaso!D:D,J$8) -> 23 | K29: =SUMIFS(T_Maint_Innofaso!G:G,T_Maint_Innofaso!B:B,A$11,T_Maint_Innofaso!C:C,B29,T_Maint_Innofaso!F:F,C29,T_Maint_Innofaso!D:D,K$8) -> 1 | L29: =SUMIFS(T_Maint_Innofaso!G:G,T_Maint_Innofaso!B:B,A$11,T_Maint_Innofaso!C:C,B29,T_Maint_Innofaso!F:F,C29,T_Maint_Innofaso!D:D,L$8) -> 4 | M29: =SUMIFS(T_Maint_Innofaso!G:G,T_Maint_Innofaso!B:B,A$11,T_Maint_Innofaso!C:C,B29,T_Maint_Innofaso!F:F,C29,T_Maint_Innofaso!D:D,M$8) -> 0 | N29: =SUMIFS(T_Maint_Innofaso!G:G,T_Maint_Innofaso!B:B,A$11,T_Maint_Innofaso!C:C,B29,T_Maint_Innofaso!F:F,C29,T_Maint_Innofaso!D:D,N$8) -> 0 | O29: =SUMIFS(T_Maint_Innofaso!G:G,T_Maint_Innofaso!B:B,A$11,T_Maint_Innofaso!C:C,B29,T_Maint_Innofaso!F:F,C29,T_Maint_Innofaso!D:D,O$8) -> 0 | P29: =SUM(D29:O29) -> 91.67 | Q29: =P29+P30 -> 130.52 | R29: beaucoup de difficultés en thermisation avec des bouchons et le moteur de la chaudière HS | W29: Moteur rebobiné et une commande lancée pour un remplacement et stock | AC29: 46112
C30: Corrective | D30: =SUMIFS(T_Maint_Innofaso!G:G,T_Maint_Innofaso!B:B,compilation!A29,T_Maint_Innofaso!C:C,compilation!B29,T_Maint_Innofaso!D:D,compilation!D8,T_Maint_Innofaso!F:F,compilation!C30) -> 0 | E30: =SUMIFS(T_Maint_Innofaso!G:G,T_Maint_Innofaso!B:B,compilation!A29,T_Maint_Innofaso!C:C,compilation!B29,T_Maint_Innofaso!D:D,E8,T_Maint_Innofaso!F:F,compilation!C30) -> 0 | F30: =SUMIFS(T_Maint_Innofaso!G:G,T_Maint_Innofaso!B:B,compilation!A29,T_Maint_Innofaso!C:C,compilation!B29,T_Maint_Innofaso!D:D,F8,T_Maint_Innofaso!F:F,compilation!C30) -> 5.15 | G30: =SUMIFS(T_Maint_Innofaso!G:G,T_Maint_Innofaso!B:B,compilation!A29,T_Maint_Innofaso!C:C,compilation!B29,T_Maint_Innofaso!D:D,G8,T_Maint_Innofaso!F:F,compilation!C30) -> 1.8 | H30: =SUMIFS(T_Maint_Innofaso!G:G,T_Maint_Innofaso!B:B,compilation!A29,T_Maint_Innofaso!C:C,compilation!B29,T_Maint_Innofaso!D:D,H8,T_Maint_Innofaso!F:F,compilation!C30) -> 0 | I30: =SUMIFS(T_Maint_Innofaso!G:G,T_Maint_Innofaso!B:B,compilation!A29,T_Maint_Innofaso!C:C,compilation!B29,T_Maint_Innofaso!D:D,I8,T_Maint_Innofaso!F:F,compilation!C30) -> 3.65 | J30: =SUMIFS(T_Maint_Innofaso!G:G,T_Maint_Innofaso!B:B,compilation!A29,T_Maint_Innofaso!C:C,compilation!B29,T_Maint_Innofaso!D:D,J8,T_Maint_Innofaso!F:F,compilation!C30) -> 15.25 | K30: =SUMIFS(T_Maint_Innofaso!G:G,T_Maint_Innofaso!B:B,compilation!A29,T_Maint_Innofaso!C:C,compilation!B29,T_Maint_Innofaso!D:D,K8,T_Maint_Innofaso!F:F,compilation!C30) -> 12 | L30: =SUMIFS(T_Maint_Innofaso!G:G,T_Maint_Innofaso!B:B,compilation!A29,T_Maint_Innofaso!C:C,compilation!B29,T_Maint_Innofaso!D:D,L8,T_Maint_Innofaso!F:F,compilation!C30) -> 1 | M30: =SUMIFS(T_Maint_Innofaso!G:G,T_Maint_Innofaso!B:B,compilation!A29,T_Maint_Innofaso!C:C,compilation!B29,T_Maint_Innofaso!D:D,M8,T_Maint_Innofaso!F:F,compilation!C30) -> 0 | N30: =SUMIFS(T_Maint_Innofaso!G:G,T_Maint_Innofaso!B:B,compilation!A29,T_Maint_Innofaso!C:C,compilation!B29,T_Maint_Innofaso!D:D,N8,T_Maint_Innofaso!F:F,compilation!C30) -> 0 | O30: =SUMIFS(T_Maint_Innofaso!G:G,T_Maint_Innofaso!B:B,compilation!A29,T_Maint_Innofaso!C:C,compilation!B29,T_Maint_Innofaso!D:D,O8,T_Maint_Innofaso!F:F,compilation!C30) -> 0 | P30: =SUM(D30:O30) -> 38.85
A31: 2025 | B31: Dec | C31: Preventive | D31: =SUMIFS(T_Maint_Innofaso_2[Number of hours],T_Maint_Innofaso_2[Année],A31,T_Maint_Innofaso_2[Mois],B31,T_Maint_Innofaso_2[Maintenance Type],C31,T_Maint_Innofaso_2[Equipment],D8) -> 2 | E31: =SUMIFS(T_Maint_Innofaso_2[Number of hours],T_Maint_Innofaso_2[Année],A31,T_Maint_Innofaso_2[Mois],B31,T_Maint_Innofaso_2[Maintenance Type],C31,T_Maint_Innofaso_2[Equipment],compilation!E8) -> 1 | F31: =SUMIFS(T_Maint_Innofaso_2[Number of hours],T_Maint_Innofaso_2[Année],A31,T_Maint_Innofaso_2[Mois],B31,T_Maint_Innofaso_2[Maintenance Type],C31,T_Maint_Innofaso_2[Equipment],F8) -> 6.5 | G31: =SUMIFS(T_Maint_Innofaso_2[Number of hours],T_Maint_Innofaso_2[Année],A31,T_Maint_Innofaso_2[Mois],B31,T_Maint_Innofaso_2[Maintenance Type],C31,T_Maint_Innofaso_2[Equipment],G8) -> 1 | H31: =SUMIFS(T_Maint_Innofaso_2[Number of hours],T_Maint_Innofaso_2[Année],A31,T_Maint_Innofaso_2[Mois],B31,T_Maint_Innofaso_2[Maintenance Type],C31,T_Maint_Innofaso_2[Equipment],H8) -> 1.5 | I31: =SUMIFS(T_Maint_Innofaso_2[Number of hours],T_Maint_Innofaso_2[Année],A31,T_Maint_Innofaso_2[Mois],B31,T_Maint_Innofaso_2[Maintenance Type],C31,T_Maint_Innofaso_2[Equipment],I8) -> 115.17 | J31: =SUMIFS(T_Maint_Innofaso_2[Number of hours],T_Maint_Innofaso_2[Année],A31,T_Maint_Innofaso_2[Mois],B31,T_Maint_Innofaso_2[Maintenance Type],C31,T_Maint_Innofaso_2[Equipment],J8) -> 9 | K31: =SUMIFS(T_Maint_Innofaso_2[Number of hours],T_Maint_Innofaso_2[Année],A31,T_Maint_Innofaso_2[Mois],B31,T_Maint_Innofaso_2[Maintenance Type],C31,T_Maint_Innofaso_2[Equipment],K8) -> 1.5 | L31: =SUMIFS(T_Maint_Innofaso_2[Number of hours],T_Maint_Innofaso_2[Année],A31,T_Maint_Innofaso_2[Mois],B31,T_Maint_Innofaso_2[Maintenance Type],C31,T_Maint_Innofaso_2[Equipment],L8) -> 4 | M31: =SUMIFS(T_Maint_Innofaso_2[Number of hours],T_Maint_Innofaso_2[Année],A31,T_Maint_Innofaso_2[Mois],B31,T_Maint_Innofaso_2[Maintenance Type],C31,T_Maint_Innofaso_2[Equipment],M8) -> 0 | N31: =SUMIFS(T_Maint_Innofaso_2[Number of hours],T_Maint_Innofaso_2[Année],A31,T_Maint_Innofaso_2[Mois],B31,T_Maint_Innofaso_2[Maintenance Type],C31,T_Maint_Innofaso_2[Equipment],N8) -> 0 | O31: =SUMIFS(T_Maint_Innofaso_2[Number of hours],T_Maint_Innofaso_2[Année],A31,T_Maint_Innofaso_2[Mois],B31,T_Maint_Innofaso_2[Maintenance Type],C31,T_Maint_Innofaso_2[Equipment],O8) -> 0 | P31: =SUM(D31:O31) -> 141.67 | Q31: =P31+P32 -> 145.77 | R31: arret en mi-décembre et debut des travaux de maintenance générale.
C32: Corrective | D32: =SUMIFS(T_Maint_Innofaso_2[Number of hours],T_Maint_Innofaso_2[Année],A31,T_Maint_Innofaso_2[Mois],B31,T_Maint_Innofaso_2[Maintenance Type],C32,T_Maint_Innofaso_2[Equipment],D8) -> 0 | E32: =SUMIFS(T_Maint_Innofaso_2[Number of hours],T_Maint_Innofaso_2[Année],A31,T_Maint_Innofaso_2[Mois],B31,T_Maint_Innofaso_2[Maintenance Type],C32,T_Maint_Innofaso_2[Equipment],compilation!E8) -> 0 | F32: =SUMIFS(T_Maint_Innofaso_2[Number of hours],T_Maint_Innofaso_2[Année],A31,T_Maint_Innofaso_2[Mois],B31,T_Maint_Innofaso_2[Maintenance Type],C32,T_Maint_Innofaso_2[Equipment],F8) -> 1.6 | G32: =SUMIFS(T_Maint_Innofaso_2[Number of hours],T_Maint_Innofaso_2[Année],A31,T_Maint_Innofaso_2[Mois],B31,T_Maint_Innofaso_2[Maintenance Type],C32,T_Maint_Innofaso_2[Equipment],G8) -> 0 | H32: =SUMIFS(T_Maint_Innofaso_2[Number of hours],T_Maint_Innofaso_2[Année],A31,T_Maint_Innofaso_2[Mois],B31,T_Maint_Innofaso_2[Maintenance Type],C32,T_Maint_Innofaso_2[Equipment],H8) -> 0 | I32: =SUMIFS(T_Maint_Innofaso_2[Number of hours],T_Maint_Innofaso_2[Année],A31,T_Maint_Innofaso_2[Mois],B31,T_Maint_Innofaso_2[Maintenance Type],C32,T_Maint_Innofaso_2[Equipment],I8) -> 2.5 | J32: =SUMIFS(T_Maint_Innofaso_2[Number of hours],T_Maint_Innofaso_2[Année],A31,T_Maint_Innofaso_2[Mois],B31,T_Maint_Innofaso_2[Maintenance Type],C32,T_Maint_Innofaso_2[Equipment],J8) -> 0 | K32: =SUMIFS(T_Maint_Innofaso_2[Number of hours],T_Maint_Innofaso_2[Année],A31,T_Maint_Innofaso_2[Mois],B31,T_Maint_Innofaso_2[Maintenance Type],C32,T_Maint_Innofaso_2[Equipment],K8) -> 0 | L32: =SUMIFS(T_Maint_Innofaso_2[Number of hours],T_Maint_Innofaso_2[Année],A31,T_Maint_Innofaso_2[Mois],B31,T_Maint_Innofaso_2[Maintenance Type],C32,T_Maint_Innofaso_2[Equipment],L8) -> 0 | M32: =SUMIFS(T_Maint_Innofaso_2[Number of hours],T_Maint_Innofaso_2[Année],A31,T_Maint_Innofaso_2[Mois],B31,T_Maint_Innofaso_2[Maintenance Type],C32,T_Maint_Innofaso_2[Equipment],M8) -> 0 | N32: =SUMIFS(T_Maint_Innofaso_2[Number of hours],T_Maint_Innofaso_2[Année],A31,T_Maint_Innofaso_2[Mois],B31,T_Maint_Innofaso_2[Maintenance Type],C32,T_Maint_Innofaso_2[Equipment],N8) -> 0 | O32: =SUMIFS(T_Maint_Innofaso_2[Number of hours],T_Maint_Innofaso_2[Année],A31,T_Maint_Innofaso_2[Mois],B31,T_Maint_Innofaso_2[Maintenance Type],C32,T_Maint_Innofaso_2[Equipment],O8) -> 0 | P32: =SUM(D32:O32) -> 4.1
D33: =SUM(D9:D32) -> 77.65 | E33: =SUM(E9:E32) -> 13 | F33: =SUM(F9:F32) -> 174.45 | G33: =SUM(G9:G32) -> 22.8 | H33: =SUM(H9:H32) -> 13.5 | I33: =SUM(I9:I32) -> 541.89 | J33: =SUM(J9:J32) -> 369 | K33: =SUM(K9:K32) -> 88.6 | ... Q33: =SUM(Q9:Q32) -> 1365.59
E36: HeureS | F36: % | G36: Objectif | H36: commentaires
D37: Preventive | E37: =SUMIFS(P9:P32,C9:C32,D37) -> 949.34 | F37: =E37/E39 -> 0.6951867 | G37: 75% mini | H37: Prise en main difficile de la nouvelle ligne avec beaucoup de panne de lames cassée et d'arret de doseuse, causant une rupture de lame temporaire. Opérations d' élargissement des machoires et commande suplémentaire de lames pour resoudre le problème. Augmentation des travaux de maintenance corrective après l'incendie du compresseur 1. production avec un compresseur et à peine 2 ligne de conditionnement.
D38: Corrective | E38: =SUMIFS(P9:P32,C9:C32,D38) -> 416.25 | F38: =E38/E39 -> 0.3048133 | G38: 25% max
D39: TOTAL | E39: =SUM(E37:E38) -> 1365.59 | F39: =SUM(F37:F38) -> 1

Sheet analyse-maint-corrective
K1: PS-ME-EN-SDM-A
A2: Suivi des Données de la maintenance des équipements
A3: Créée le : 01/01/2024 | G3: Modifié le : | K3: Page 2/1
A4: Emetteur : T. COMPAORE Date : 01/01/2024 Fonction : RT Signature : | G4: Vérificateur : C.Christophe Date : 01/01/2024 Fonction : RQRD Signature : | K4: Approbateur : O. COULIBALY Date : 02/01/2024 Fonction : DG Signature :
A5: Destinataires : DG, RAF, CL, RT, RQRD, CCQ,CAQM, AAQM,CM,AM,CQCP
B9: ANALYSE DES DONNEES DE LA MAINTENANCE CORRECTIVE
C10: Packing machine | D10: Filling machine | E10: Premixing heat treatment | F10: Sachet Printer - Carton Printer | G10: Grinder - Vibroreactor | H10: Air compressor | I10: Finished Product Transfer Pump | J10: Others equipments | K10: Mixer | L10: Conveyor | M10: Nitrogen generator - Filter | N10: Main electrical panel | O10: TOTAL
A11: Période | B11: Jan | C11: =compilation!J10 -> 15.9 | D11: =compilation!F10 -> 4.5 | E11: =compilation!K10 -> 10 | F11: =compilation!L10 -> 12.4 | G11: =compilation!G10 -> 0 | H11: =compilation!D10 -> 0 | I11: =compilation!O10 -> 1.25 | J11: =compilation!I10 -> 0 | K11: =compilation!H10 -> 0 | L11: =compilation!E10 -> 0 | M11: =compilation!M10 -> 0 | N11: =compilation!N10 -> 0 | O11: =C11+D11+E11+F11+G11+H11+I11+J11+K11+L11+M11+N11 -> 44.05
B12: Feb | C12: =compilation!J12 -> 15.3 | D12: =compilation!F12 -> 0 | E12: =compilation!K12 -> 24.9 | F12: =compilation!L12 -> 0 | G12: =compilation!G12 -> 0 | H12: =compilation!D12 -> 0 | I12: =compilation!O12 -> 0 | J12: =compilation!I12 -> 6.9 | K12: =compilation!H12 -> 0 | L12: =compilation!E12 -> 0 | M12: =compilation!M12 -> 0 | N12: =compilation!N12 -> 0 | O12: =C12+D12+E12+F12+G12+H12+I12+J12+K12+L12+M12+N12 -> 47.1
B13: Mar | C13: =compilation!J14 -> 26.8 | D13: =compilation!F14 -> 0 | E13: =compilation!K14 -> 2 | F13: =compilation!L14 -> 0 | G13: =compilation!G14 -> 0.6 | H13: =compilation!D14 -> 0 | I13: =compilation!O14 -> 0 | J13: =compilation!I14 -> 1.6 | K13: =compilation!H14 -> 0 | L13: =compilation!E14 -> 0 | M13: =compilation!M14 -> 0 | N13: =compilation!M14 -> 0 | O13: =C13+D13+E13+F13+G13+H13+I13+J13+K13+L13+M13+N13 -> 31
B14: Apr | C14: =compilation!J16 -> 28 | D14: =compilation!F16 -> 0 | E14: =compilation!K16 -> 0 | F14: =compilation!L16 -> 3.85 | G14: =compilation!G16 -> 0 | H14: =compilation!D16 -> 6.4 | I14: =compilation!O16 -> 0 | J14: =compilation!I16 -> 0.5 | K14: =compilation!H16 -> 0 | L14: =compilation!E16 -> 1 | M14: =compilation!M16 -> 0 | N14: =compilation!N16 -> 0 | O14: =C14+D14+E14+F14+G14+H14+I14+J14+K14+L14+M14+N14 -> 39.75
B15: May | C15: =compilation!J18 -> 21.8 | D15: =compilation!F18 -> 8 | E15: =compilation!K18 -> 0 | F15: =compilation!L18 -> 6.5 | G15: =compilation!G18 -> 1.5 | H15: =compilation!D18 -> 2 | I15: =compilation!O18 -> 0 | J15: =compilation!I18 -> 0 | K15: =compilation!H18 -> 0 | L15: =compilation!E18 -> 0 | M15: =compilation!M18 -> 0 | N15: =compilation!N18 -> 0 | O15: =C15+D15+E15+F15+G15+H15+I15+J15+K15+L15+M15+N15 -> 39.8
B16: Jun | C16: =compilation!J20 -> 11.25 | D16: =compilation!F20 -> 1 | E16: =compilation!K20 -> 10.7 | F16: =compilation!L20 -> 0 | G16: =compilation!G20 -> 0 | H16: =compilation!D20 -> 3 | I16: =compilation!O20 -> 0 | J16: =compilation!I20 -> 0 | K16: =compilation!H20 -> 0 | L16: =compilation!E20 -> 0 | M16: =compilation!M20 -> 0 | N16: =compilation!N20 -> 0 | O16: =C16+D16+E16+F16+G16+H16+I16+J16+K16+L16+M16+N16 -> 25.95
B17: Jul | C17: =compilation!J22 -> 23.8 | D17: =compilation!F22 -> 4.7 | E17: =compilation!K22 -> 5 | F17: =compilation!L22 -> 0.95 | G17: =compilation!G22 -> 0 | H17: =compilation!D22 -> 0 | I17: =compilation!O22 -> 0 | J17: =compilation!I22 -> 3.4 | K17: =compilation!H22 -> 0 | L17: =compilation!E22 -> 0 | M17: =compilation!M22 -> 8.5 | N17: =compilation!N22 -> 0 | O17: =C17+D17+E17+F17+G17+H17+I17+J17+K17+L17+M17+N17 -> 46.35
B18: Aug | C18: =compilation!J24 -> 33.65 | D18: =compilation!F24 -> 1.5 | E18: =compilation!K24 -> 1 | F18: =compilation!L24 -> 0 | G18: =compilation!G24 -> 5.9 | H18: =compilation!D24 -> 0 | I18: =compilation!O24 -> 0 | J18: =compilation!I24 -> 1 | K18: =compilation!H24 -> 0 | L18: =compilation!E24 -> 0 | M18: =compilation!M24 -> 0 | N18: =compilation!N24 -> 0 | O18: =C18+D18+E18+F18+G18+H18+I18+J18+K18+L18+M18+N18 -> 43.05
B19: Sep | C19: =compilation!J26 -> 6.85 | D19: =compilation!F26 -> 4 | E19: =compilation!K26 -> 1 | F19: =compilation!L26 -> 5.75 | G19: =compilation!G26 -> 1 | H19: =compilation!D26 -> 1 | I19: =compilation!O26 -> 2 | J19: =compilation!I26 -> 0 | K19: =compilation!H26 -> 0 | L19: =compilation!E26 -> 0 | M19: =compilation!M26 -> 0 | N19: =compilation!N26 -> 0 | O19: =C19+D19+E19+F19+G19+H19+I19+J19+K19+L19+M19+N19 -> 21.6
B20: Oct | C20: =compilation!J28 -> 16.9 | D20: =compilation!F28 -> 0 | E20: =compilation!K28 -> 7.5 | F20: =compilation!L28 -> 2.5 | G20: =compilation!G28 -> 0 | H20: =compilation!D28 -> 0.25 | I20: =compilation!O28 -> 0 | J20: =compilation!I28 -> 7.5 | K20: =compilation!H28 -> 0 | L20: =compilation!E28 -> 0 | M20: =compilation!M28 -> 0 | N20: =compilation!N28 -> 0 | O20: =C20+D20+E20+F20+G20+H20+I20+J20+K20+L20+M20+N20 -> 34.65
B21: Nov | C21: =compilation!J30 -> 15.25 | D21: =compilation!F30 -> 5.15 | E21: =compilation!K30 -> 12 | F21: =compilation!L30 -> 1 | G21: =compilation!G30 -> 1.8 | H21: =compilation!D30 -> 0 | I21: =compilation!O30 -> 0 | J21: =compilation!I30 -> 3.65 | K21: =compilation!H30 -> 0 | L21: =compilation!E30 -> 0 | M21: =compilation!M30 -> 0 | N21: =compilation!N30 -> 0 | O21: =C21+D21+E21+F21+G21+H21+I21+J21+K21+L21+M21+N21 -> 38.85
B22: Dec | C22: =compilation!J32 -> 0 | D22: =compilation!F32 -> 1.6 | E22: =compilation!K32 -> 0 | F22: =compilation!L32 -> 0 | G22: =compilation!G32 -> 0 | H22: =compilation!D32 -> 0 | I22: =compilation!O32 -> 0 | J22: =compilation!I32 -> 2.5 | K22: =compilation!H32 -> 0 | L22: =compilation!E32 -> 0 | M22: =compilation!M32 -> 0 | N22: =compilation!N32 -> 0 | O22: =C22+D22+E22+F22+G22+H22+I22+J22+K22+L22+M22+N22 -> 4.1
A23: Total | C23: =C11+C12+C13+C14+C15+C16+C17+C18+C19+C20+C21+C22 -> 215.5 | D23: =D11+D12+D13+D14+D15+D16+D17+D18+D19+D20+D21+D22 -> 30.45 | E23: =E11+E12+E13+E14+E15+E16+E17+E18+E19+E20+E21+E22 -> 74.1 | F23: =F11+F12+F13+F14+F15+F16+F17+F18+F19+F20+F21+F22 -> 32.95 | G23: =G11+G12+G13+G14+G15+G16+G17+G18+G19+G20+G21+G22 -> 10.8 | H23: =H11+H12+H13+H14+H15+H16+H17+H18+H19+H20+H21+H22 -> 12.65 | I23: =I11+I12+I13+I14+I15+I16+I17+I18+I19+I20+I21+I22 -> 3.25 | J23: =J11+J12+J13+J14+J15+J16+J17+J18+J19+J20+J21+J22 -> 27.05 | ... O23: =O11+O12+O13+O14+O15+O16+O17+O18+O19+O20+O21+O22 -> 416.25
A24: % | C24: =C23/O23 -> 0.51771772 | D24: =D23/O23 -> 0.073153153 | E24: =E23/O23 -> 0.17801802 | F24: =F23/O23 -> 0.079159159 | G24: =G23/O23 -> 0.025945946 | H24: =H23/O23 -> 0.03039039 | I24: =I23/O23 -> 0.0078078078 | J24: =J23/O23 -> 0.064984985 | K24: =K23/O23 -> 0 | L24: =L23/O23 -> 0.0024024024 | M24: =M23/O23 -> 0.02042042 | N24: =N23/O23 -> 0 | O24: =C24+D24+E24+F24+G24+H24+I24+J24+K24+L24+M24+N24 -> 1

Sheet Dispo jan25
K1: PS-ME-EN-SDM-A
A2: Suivi des Données de la maintenance des équipements
A3: Créée le : 01/01/2024 | G3: Modifié le : | K3: Page 3/1
A4: Emetteur : T. COMPAORE Date : 01/01/2024 Fonction : RT Signature : | G4: Vérificateur : C.Christophe Date : 01/01/2024 Fonction : RQRD Signature : | K4: Approbateur : O. COULIBALY Date : 02/01/2024 Fonction : DG Signature :
A10: semaines | B10: DATES | C10: QUART | D10: MAINTENANCIER DU QUART | E10: CO-MAINTENANCIER | F10: LIGNE DE PRODUCTION | G10: DUREE D'ARRET (HEURE) | H10: TEMPS DE COUVERTURE | I10: TAUX DE DISPONIBILTE | J10: TAUX CIBLE | K10: CAUSE D'INDISPONIBLITE | L10: OBSERVATIONS
A11: S02 | B11: 45663 | C11: 06h-14h | D11: Nettoyage | F11: L1 | H11: 0.33333333 | I11: =1-(G11/H11) -> 1 | J11: 0.9
D12: Nettoyage | F12: L2 | H12: 0.33333333 | I12: =1-(G12/H12) -> 1 | J12: 0.9 | N12: JANVIER 2025
D13: Nettoyage | F13: L4 | H13: 0.33333333 | I13: =1-(G13/H13) -> 1 | J13: 0.9
C14: 14h-22h | D14: Hubert | F14: L1 | H14: 0.33333333 | I14: =1-(G14/H14) -> 1 | J14: 0.9
D15: Hubert | F15: L2 | H15: 0.33333333 | I15: =1-(G15/H15) -> 1 | J15: 0.9 | N15: LIGNE | O15: TAUX MOYEN DE DISPONIBILITE | P15: DISPONIBILITE GLOBAL | Q15: COMMENTAIRE
D16: Hubert | F16: L4 | H16: 0.33333333 | I16: =1-(G16/H16) -> 1 | J16: 0.9
C17: 22h-06h | D17: Cheik | E17: Zakaria | F17: L1 | G17: 0.14444444 | H17: 0.33333333 | I17: =1-(G17/H17) -> 0.56666667 | J17: 0.9 | K17: poids doseuse et spot | N17: L1 | O17: =(I56+I104+I152)/3 -> 0.41092593 | P17: =(O17+O18+O19)/3 -> 0.7237037 | Q17: Arret L1 sur plusieurs jours pour panne imprimante et doseuse. Rupture de pièce de rechange (joint PTFE et oscillateur pour imprimante. Rupture de solvant également). Commande en cours.
D18: Cheik | E18: Zakaria | F18: L2 | H18: 0.33333333 | I18: =1-(G18/H18) -> 1 | J18: 0.9 | N18: L2 | O18: =(I57+I105+I153)/3 -> 0.9224537
D19: Cheik | E19: Zakaria | F19: L4 | H19: 0.33333333 | I19: =1-(G19/H19) -> 1 | J19: 0.9 | N19: L4 | O19: =(I58+I106+I154)/3 -> 0.83773148
B20: 45664 | C20: 06h-14h | D20: Ousseni | F20: L1 | G20: 0.33333333 | H20: 0.33333333 | I20: =1-(G20/H20) -> 0 | J20: 0.9 | K20: imprimante défectueuse
D21: Ousseni | F21: L2 | H21: 0.33333333 | I21: =1-(G21/H21) -> 1 | J21: 0.9
D22: Ousseni | F22: L4 | H22: 0.33333333 | I22: =1-(G22/H22) -> 1 | J22: 0.9 | N22: LIGNE | O22: TAUX MOYEN DE DISPONIBILITE | P22: MAINTENANCIER DE QUART | Q22: COMMENTAIRE
C23: 14h-22h | D23: Hubert | F23: L1 | H23: 0.33333333 | I23: =1-(G23/H23) -> 1 | J23: 0.9
D24: Hubert | F24: L2 | G24: 0.33333333 | H24: 0.33333333 | I24: =1-(G24/H24) -> 0 | J24: 0.9 | K24: imprimante défectueuse | N24: L1 | O24: =(AVERAGEIFS(I11:I55,D11:D55,P24,F11:F55,N24)+AVERAGEIFS(I59:I103,D59:D103,P24,F59:F103,N24)+AVERAGEIFS(I107:I151,D107:D151,P24,F107:F151,N24))/3 -> 0.45319444 | P24: Hubert | Q24: Arret L1 sur plusieurs jours pour panne imprimante et doseuse. Rupture de pièce de rechange (joint PTFE et oscillateur pour imprimante. Rupture de solvant également). Commande en cours.
D25: Hubert | F25: L4 | H25: 0.33333333 | I25: =1-(G25/H25) -> 1 | J25: 0.9 | N25: L2 | O25: =(AVERAGEIFS(I11:I55,D11:D55,P24,F11:F55,N25)+AVERAGEIFS(I59:I103,D59:D103,P24,F59:F103,N25)+AVERAGEIFS(I107:I151,D107:D151,P24,F107:F151,N25))/3 -> 0.82048611
C26: 22h-06h | D26: Cheik | E26: Zakaria | F26: L1 | G26: 0.30208333 | H26: 0.33333333 | I26: =1-(G26/H26) -> 0.09375 | J26: 0.9 | K26: poids instable. Problème de joint | L26: rupture stock de joint. Commande en cours | N26: L4 | O26: =(AVERAGEIFS(I11:I55,D11:D55,P24,F11:F55,N26)+AVERAGEIFS(I59:I103,D59:D103,P24,F59:F103,N26)+AVERAGEIFS(I107:I151,D107:D151,P24,F107:F151,N26))/3 -> 0.81961806
D27: Cheik | E27: Zakaria | F27: L2 | G27: 0.14583333 | H27: 0.33333333 | I27: =1-(G27/H27) -> 0.5625 | J27: 0.9 | K27: défaut d'impression | L27: réglé par le maintenancier du quart à 4h40 | N27: TAUX MOYEN | O27: =(O24+O25+O26)/3 -> 0.6977662
D28: Cheik | E28: Zakaria | F28: L4 | G28: 0.13888889 | H28: 0.33333333 | I28: =1-(G28/H28) -> 0.58333333 | J28: 0.9 | K28: problème de soudure
B29: 45665 | C29: 06h-14h | D29: Ousseni | F29: L1 | G29: 0.24305556 | H29: 0.33333333 | I29: =1-(G29/H29) -> 0.27083333 | J29: 0.9 | K29: poids instable. Problème de joint | L29: rupture stock de joint. Commande en cours | N29: LIGNE | O29: TAUX MOYEN DE DISPONIBILITE | P29: MAINTENANCIER DE QUART | Q29: COMMENTAIRE
D30: Ousseni | F30: L2 | G30: 0.14583333 | H30: 0.33333333 | I30: =1-(G30/H30) -> 0.5625 | J30: 0.9 | K30: défaut d'impression
D31: Ousseni | F31: L4 | G31: 0.33333333 | H31: 0.33333333 | I31: =1-(G31/H31) -> 0 | J31: 0.9 | K31: lame cassée | L31: pas en stock. Commande en cours | N31: L1 | O31: =(AVERAGEIFS(I11:I55,D11:D55,P31,F11:F55,N31)+AVERAGEIFS(I59:I103,D59:D103,P31,F59:F103,N31)+AVERAGEIFS(I107:I151,D107:D151,P31,F107:F151,N31))/3 -> 0.27784722 | P31: Ousseni | Q31: Arret L1 sur plusieurs jours pour panne imprimante et doseuse. Rupture de pièce de rechange (joint PTFE et oscillateur pour imprimante. Rupture de solvant également). Commande en cours.
C32: 14h-22h | D32: Hubert | F32: L1 | H32: 0.33333333 | I32: =1-(G32/H32) -> 1 | J32: 0.9 | N32: L2 | O32: =(AVERAGEIFS(I11:I55,D11:D55,P31,F11:F55,N32)+AVERAGEIFS(I59:I103,D59:D103,P31,F59:F103,N32)+AVERAGEIFS(I107:I151,D107:D151,P31,F107:F151,N32))/3 -> 0.96354167
D33: Hubert | F33: L2 | G33: 0.059027778 | H33: 0.33333333 | I33: =1-(G33/H33) -> 0.82291667 | J33: 0.9 | K33: défaut d'impression | L33: problème d'oscillateur | N33: L4 | O33: =(AVERAGEIFS(I11:I55,D11:D55,P31,F11:F55,N33)+AVERAGEIFS(I59:I103,D59:D103,P31,F59:F103,N33)+AVERAGEIFS(I107:I151,D107:D151,P31,F107:F151,N33))/3 -> 0.81666667
D34: Hubert | F34: L4 | G34: 0.33333333 | H34: 0.33333333 | I34: =1-(G34/H34) -> 0 | J34: 0.9 | K34: lame cassée | L34: pas en stock. Commande en cours | N34: TAUX MOYEN | O34: =(O31+O32+O33)/3 -> 0.68601852
C35: 22h-06h | D35: Cheik | E35: Zakaria | F35: L1 | H35: 0.33333333 | I35: =1-(G35/H35) -> 1 | J35: 0.9
D36: Cheik | E36: Zakaria | F36: L2 | H36: 0.33333333 | I36: =1-(G36/H36) -> 1 | J36: 0.9 | N36: LIGNE | O36: TAUX MOYEN DE DISPONIBILITE | P36: MAINTENANCIER DE QUART | Q36: COMMENTAIRE
D37: Cheik | E37: Zakaria | F37: L4 | G37: 0.33333333 | H37: 0.33333333 | I37: =1-(G37/H37) -> 0 | J37: 0.9 | K37: lame cassée | L37: pas en stock. Commande en cours
B38: 45666 | C38: 06h-14h | D38: Ousseni | F38: L1 | H38: 0.33333333 | I38: =1-(G38/H38) -> 1 | J38: 0.9 | N38: L1 | O38: =(AVERAGEIFS(I11:I55,E11:E55,P38,F11:F55,N38)+AVERAGEIFS(I59:I103,D59:D103,P38,F59:F103,N38)+AVERAGEIFS(I107:I151,D107:D151,P38,F107:F151,N38))/3 -> 0.37430556 | P38: Zakaria | Q38: Arret L1 sur plusieurs jours pour panne imprimante et doseuse. Rupture de pièce de rechange (joint PTFE et oscillateur pour imprimante. Rupture de solvant également). Commande en cours.
D39: Ousseni | F39: L2 | H39: 0.33333333 | I39: =1-(G39/H39) -> 1 | J39: 0.9 | N39: L2 | O39: =(AVERAGEIFS(I11:I55,E11:E55,P38,F11:F55,N39)+AVERAGEIFS(I59:I103,D59:D103,P38,F59:F103,N39)+AVERAGEIFS(I107:I151,D107:D151,P38,F107:F151,N39))/3 -> 0.97083333
D40: Ousseni | F40: L4 | H40: 0.33333333 | I40: =1-(G40/H40) -> 1 | J40: 0.9 | N40: L4 | O40: =(AVERAGEIFS(I11:I55,E11:E55,P38,F11:F55,N40)+AVERAGEIFS(I59:I103,D59:D103,P38,F59:F103,N40)+AVERAGEIFS(I107:I151,D107:D151,P38,F107:F151,N40))/3 -> 0.83159722
C41: 14h-22h | D41: Hubert | F41: L1 | H41: 0.33333333 | I41: =1-(G41/H41) -> 1 | J41: 0.9 | N41: TAUX MOYEN | O41: =(O38+O39+O40)/3 -> 0.7255787
D42: Hubert | F42: L2 | G42: 0.097222222 | H42: 0.33333333 | I42: =1-(G42/H42) -> 0.70833333 | J42: 0.9 | K42: défaut d'impression | L42: problème d'oscillateur
D43: Hubert | F43: L4 | G43: 0.33333333 | H43: 0.33333333 | I43: =1-(G43/H43) -> 0 | J43: 0.9 | K43: lame cassée | L43: pas en stock. Commande en cours | N43: LIGNE | O43: TAUX MOYEN DE DISPONIBILITE | P43: MAINTENANCIER DE QUART | Q43: COMMENTAIRE
C44: 22h-06h | D44: Cheik | E44: Zakaria | F44: L1 | H44: 0.33333333 | I44: =1-(G44/H44) -> 1 | J44: 0.9
D45: Cheik | E45: Zakaria | F45: L2 | H45: 0.33333333 | I45: =1-(G45/H45) -> 1 | J45: 0.9 | N45: L1 | O45: =AVERAGEIFS(I11:I55,D11:D55,P45,F11:F55,N45) -> 0.53208333 | P45: Cheik | Q45: travaux sur seulement S2 pendant Janvier.
D46: Cheik | E46: Zakaria | F46: L4 | H46: 0.33333333 | I46: =1-(G46/H46) -> 1 | J46: 0.9 | N46: L2 | O46: =AVERAGEIFS(I11:I55,D11:D55,P45,F11:F55,N46) -> 0.9125
B47: 45667 | C47: 06h-14h | D47: Ousseni | F47: L1 | H47: 0.33333333 | I47: =1-(G47/H47) -> 1 | J47: 0.9 | N47: L4 | O47: =AVERAGEIFS(I11:I55,D11:D55,P45,F11:F55,N47) -> 0.71666667
D48: Ousseni | F48: L2 | H48: 0.33333333 | I48: =1-(G48/H48) -> 1 | J48: 0.9 | N48: TAUX MOYEN | O48: =(O45+O46+O47)/3 -> 0.72041667
D49: Ousseni | F49: L4 | G49: 0.33333333 | H49: 0.33333333 | I49: =1-(G49/H49) -> 0 | J49: 0.9 | K49: lame cassée | L49: pas en stock. Commande en cours
C50: 14h-22h | D50: Hubert | F50: L1 | H50: 0.33333333 | I50: =1-(G50/H50) -> 1 | J50: 0.9
D51: Hubert | F51: L2 | G51: 0.17361111 | H51: 0.33333333 | I51: =1-(G51/H51) -> 0.47916667 | J51: 0.9 | K51: défaut d'impression | L51: problème d'oscillateur
D52: Hubert | F52: L4 | G52: 0.14236111 | H52: 0.33333333 | I52: =1-(G52/H52) -> 0.57291667 | J52: 0.9 | K52: adaptation lame | L52: pas en stock. Commande en cours
C53: 22h-06h | D53: Cheik | E53: Zakaria | F53: L1 | G53: 0.33333333 | H53: 0.33333333 | I53: =1-(G53/H53) -> 0 | J53: 0.9 | K53: défaut d'impression | L53: problème d'oscillateur.commande en cours
D54: Cheik | E54: Zakaria | F54: L2 | H54: 0.33333333 | I54: =1-(G54/H54) -> 1 | J54: 0.9
D55: Cheik | E55: Zakaria | F55: L4 | H55: 0.33333333 | I55: =1-(G55/H55) -> 1 | J55: 0.9
F56: L1 | I56: =AVERAGEIF(F11:F55,F56,I11:I55) -> 0.72875 | J56: 0.9
F57: L2 | I57: =AVERAGEIF(F12:F56,F57,I12:I56) -> 0.80902778 | J57: 0.9
F58: L4 | I58: =AVERAGEIF(F13:F57,F58,I13:I57) -> 0.61041667 | J58: 0.9
A59: S03 | B59: 45670 | C59: 06h-14h | D59: Nettoyage | F59: L1 | H59: 0.33333333 | I59: =1-(G59/H59) -> 1 | J59: 0.9
D60: Nettoyage | F60: L2 | H60: 0.33333333 | I60: =1-(G60/H60) -> 1 | J60: 0.9
D61: Nettoyage | F61: L4 | H61: 0.33333333 | I61: =1-(G61/H61) -> 1 | J61: 0.9
C62: 14h-22h | D62: Ousseni | F62: L1 | G62: 0.33333333 | H62: 0.33333333 | I62: =1-(G62/H62) -> 0 | J62: 0.9 | K62: défaut d'impression | L62: problème d'oscillateur
D63: Ousseni | F63: L2 | H63: 0.33333333 | I63: =1-(G63/H63) -> 1 | J63: 0.9
D64: Ousseni | F64: L4 | H64: 0.33333333 | I64: =1-(G64/H64) -> 1 | J64: 0.9
C65: 22h-06h | D65: Hubert | F65: L1 | G65: 0.20833333 | H65: 0.33333333 | I65: =1-(G65/H65) -> 0.375 | J65: 0.9 | K65: défaut d'impression | L65: problème d'oscillateur
D66: Hubert | F66: L2 | G66: 0.0625 | H66: 0.33333333 | I66: =1-(G66/H66) -> 0.8125 | J66: 0.9
D67: Hubert | F67: L4 | H67: 0.33333333 | I67: =1-(G67/H67) -> 1 | J67: 0.9
B68: 45671 | C68: 06h-14h | D68: Zakaria | F68: L1 | H68: 0.33333333 | I68: =1-(G68/H68) -> 1 | J68: 0.9
D69: Zakaria | F69: L2 | H69: 0.33333333 | I69: =1-(G69/H69) -> 1 | J69: 0.9
D70: Zakaria | F70: L4 | H70: 0.33333333 | I70: =1-(G70/H70) -> 1 | J70: 0.9
C71: 14h-22h | D71: Ousseni | F71: L1 | G71: 0.25 | H71: 0.33333333 | I71: =1-(G71/H71) -> 0.25 | J71: 0.9 | K71: défaut d'impression et doseuse
D72: Ousseni | F72: L2 | H72: 0.33333333 | I72: =1-(G72/H72) -> 1 | J72: 0.9 | K72: problème de soudure
D73: Ousseni | F73: L4 | H73: 0.33333333 | I73: =1-(G73/H73) -> 1 | J73: 0.9 | K73: défaut de convoyeur
C74: 22h-06h | D74: Hubert | F74: L1 | G74: 0.33333333 | H74: 0.33333333 | I74: =1-(G74/H74) -> 0 | J74: 0.9 | K74: défaut d'impression | L74: problème d'oscillateur
D75: Hubert | F75: L2 | G75: 0.041666667 | H75: 0.33333333 | I75: =1-(G75/H75) -> 0.875 | J75: 0.9 | K75: problème de soudure
D76: Hubert | F76: L4 | G76: 0.045138889 | H76: 0.33333333 | I76: =1-(G76/H76) -> 0.86458333 | J76: 0.9 | K76: défaut de convoyeur
B77: 45672 | C77: 06h-14h | D77: Zakaria | F77: L1 | G77: 0.30555556 | H77: 0.33333333 | I77: =1-(G77/H77) -> 0.083333333 | J77: 0.9 | K77: poids instable. Problème de joint | L77: pas en stock. Commande en cours
D78: Zakaria | F78: L2 | H78: 0.33333333 | I78: =1-(G78/H78) -> 1 | J78: 0.9
D79: Zakaria | F79: L4 | H79: 0.33333333 | I79: =1-(G79/H79) -> 1 | J79: 0.9
C80: 14h-22h | D80: Ousseni | F80: L1 | G80: 0.33333333 | H80: 0.33333333 | I80: =1-(G80/H80) -> 0 | J80: 0.9 | K80: défaut d'impression | L80: problème d'oscillateur
D81: Ousseni | F81: L2 | H81: 0.33333333 | I81: =1-(G81/H81) -> 1 | J81: 0.9
D82: Ousseni | F82: L4 | G82: 0.041666667 | H82: 0.33333333 | I82: =1-(G82/H82) -> 0.875 | J82: 0.9 | K82: reglage poids
C83: 22h-06h | D83: Hubert | F83: L1 | G83: 0.33333333 | H83: 0.33333333 | I83: =1-(G83/H83) -> 0 | J83: 0.9 | K83: défaut d'impression | L83: problème d'oscillateur
D84: Hubert | F84: L2 | H84: 0.33333333 | I84: =1-(G84/H84) -> 1 | J84: 0.9
D85: Hubert | F85: L4 | H85: 0.33333333 | I85: =1-(G85/H85) -> 1 | J85: 0.9
B86: 45673 | C86: 06h-14h | D86: Zakaria | F86: L1 | G86: 0.33333333 | H86: 0.33333333 | I86: =1-(G86/H86) -> 0 | J86: 0.9
D87: Zakaria | F87: L2 | H87: 0.33333333 | I87: =1-(G87/H87) -> 1 | J87: 0.9
D88: Zakaria | F88: L4 | G88: 0.11805556 | H88: 0.33333333 | I88: =1-(G88/H88) -> 0.64583333 | J88: 0.9 | K88: panne capteur spot
C89: 14h-22h | D89: Ousseni | F89: L1 | G89: 0.14722222 | H89: 0.33333333 | I89: =1-(G89/H89) -> 0.55833333 | J89: 0.9 | K89: problème de poids
D90: Ousseni | F90: L2 | H90: 0.33333333 | I90: =1-(G90/H90) -> 1 | J90: 0.9
D91: Ousseni | F91: L4 | G91: 0.041666667 | H91: 0.33333333 | I91: =1-(G91/H91) -> 0.875 | J91: 0.9 | K91: capteur de doseuse
C92: 22h-06h | D92: Hubert | F92: L1 | G92: 0.33333333 | H92: 0.33333333 | I92: =1-(G92/H92) -> 0 | J92: 0.9 | K92: défaut d'impression | L92: problème d'oscillateur
D93: Hubert | F93: L2 | H93: 0.33333333 | I93: =1-(G93/H93) -> 1 | J93: 0.9
D94: Hubert | F94: L4 | H94: 0.33333333 | I94: =1-(G94/H94) -> 1 | J94: 0.9
B95: 45674 | C95: 06h-14h | D95: Zakaria | F95: L1 | G95: 0.33333333 | H95: 0.33333333 | I95: =1-(G95/H95) -> 0 | J95: 0.9 | K95: défaut d'impression
D96: Zakaria | F96: L2 | H96: 0.33333333 | I96: =1-(G96/H96) -> 1 | J96: 0.9
D97: Zakaria | F97: L4 | G97: 0.083333333 | H97: 0.33333333 | I97: =1-(G97/H97) -> 0.75 | J97: 0.9 | K97: défaut d'impression
C98: 14h-22h | D98: Ousseni | F98: L1 | G98: 0.18055556 | H98: 0.33333333 | I98: =1-(G98/H98) -> 0.45833333 | J98: 0.9 | K98: défaut d'impression
D99: Ousseni | F99: L2 | H99: 0.33333333 | I99: =1-(G99/H99) -> 1 | J99: 0.9
D100: Ousseni | F100: L4 | H100: 0.33333333 | I100: =1-(G100/H100) -> 1 | J100: 0.9
C101: 22h-06h | D101: Hubert | F101: L1 | G101: 0.27569444 | H101: 0.33333333 | I101: =1-(G101/H101) -> 0.17291667 | J101: 0.9 | K101: problème de poids
D102: Hubert | F102: L2 | H102: 0.33333333 | I102: =1-(G102/H102) -> 1 | J102: 0.9
D103: Hubert | F103: L4 | H103: 0.33333333 | I103: =1-(G103/H103) -> 1 | J103: 0.9
F104: L1 | I104: =AVERAGEIF(F59:F103,F104,I59:I103) -> 0.25986111 | J104: 0.9
F105: L2 | I105: =AVERAGEIF(F60:F104,F105,I60:I104) -> 0.97916667 | J105: 0.9
...

Sheet Dispo fevr25
K1: PS-ME-EN-SDM-A
A2: Suivi des Données de la maintenance des équipements
A3: Créée le : 01/01/2024 | G3: Modifié le : | K3: Page 3/1
A4: Emetteur : T. COMPAORE Date : 01/01/2024 Fonction : RT Signature : | G4: Vérificateur : C.Christophe Date : 01/01/2024 Fonction : RQRD Signature : | K4: Approbateur : O. COULIBALY Date : 02/01/2024 Fonction : DG Signature :
A10: semaines | B10: DATES | C10: QUART | D10: MAINTENANCIER DU QUART | E10: CO-MAINTENANCIER | F10: LIGNE DE PRODUCTION | G10: DUREE D'ARRET (HEURE) | H10: TEMPS DE COUVERTURE | I10: TAUX DE DISPONIBILTE | J10: TAUX CIBLE | K10: CAUSE D'INDISPONIBLITE | L10: OBSERVATIONS
A11: S05 | B11: 45684 | C11: 06h-14h | D11: Nettoyage | F11: L1 | G11: 0.33333333 | H11: 0.33333333 | I11: =1-(G11/H11) -> 0 | J11: 0.9
D12: Nettoyage | F12: L2 | H12: 0.33333333 | I12: =1-(G12/H12) -> 1 | J12: 0.9 | N12: FEVRIER 2025
D13: Nettoyage | F13: L4 | H13: 0.33333333 | I13: =1-(G13/H13) -> 1 | J13: 0.9
C14: 14h-22h | D14: Hubert | F14: L1 | G14: 0.33333333 | H14: 0.33333333 | I14: =1-(G14/H14) -> 0 | J14: 0.9 | K14: défaut d'impression
D15: Hubert | F15: L2 | H15: 0.33333333 | I15: =1-(G15/H15) -> 1 | J15: 0.9 | N15: LIGNE | O15: TAUX MOYEN DE DISPONIBILITE | P15: DISPONIBILITE GLOBAL | Q15: COMMENTAIRE
D16: Hubert | F16: L4 | H16: 0.33333333 | I16: =1-(G16/H16) -> 1 | J16: 0.9
C17: 22h-06h | D17: Cheik | F17: L1 | G17: 0.33333333 | H17: 0.33333333 | I17: =1-(G17/H17) -> 0 | J17: 0.9 | K17: défaut d'impression | N17: L1 | O17: =(I74+I140+I206+I272+I320)/5 -> 0 | P17: =(O17+O18+O19)/3 -> 0.57997487 | Q17: panne du générateur d'azote sur 2 jours + bouchons echangeur à plaque. Arret L1 pour problème d'imprimante
D18: Cheik | F18: L2 | H18: 0.33333333 | I18: =1-(G18/H18) -> 1 | J18: 0.9 | N18: L2 | O18: =(I75+I141+I207+I273+I321)/5 -> 0.91290476
D19: Cheik | F19: L4 | H19: 0.33333333 | I19: =1-(G19/H19) -> 1 | J19: 0.9 | N19: L4 | O19: =(I76+I142+I208+I274+I322)/5 -> 0.82701984
B20: 45685 | C20: 06h-14h | D20: Zakaria | F20: L1 | G20: 0.33333333 | H20: 0.33333333 | I20: =1-(G20/H20) -> 0 | J20: 0.9 | K20: défaut d'impression
D21: Zakaria | F21: L2 | G21: 0.022916667 | H21: 0.33333333 | I21: =1-(G21/H21) -> 0.93125 | J21: 0.9 | K21: panne de compresseur
D22: Zakaria | F22: L4 | H22: 0.33333333 | I22: =1-(G22/H22) -> 1 | J22: 0.9 | N22: LIGNE | O22: TAUX MOYEN DE DISPONIBILITE | P22: MAINTENANCIER DE QUART | Q22: COMMENTAIRE
C23: 14h-22h | D23: Hubert | F23: L1 | G23: 0.33333333 | H23: 0.33333333 | I23: =1-(G23/H23) -> 0 | J23: 0.9 | K23: défaut d'impression
D24: Hubert | F24: L2 | H24: 0.33333333 | I24: =1-(G24/H24) -> 1 | J24: 0.9 | N24: L1 | O24: =(AVERAGEIFS(I11:I73,D11:D73,P24,F11:F73,N24)+AVERAGEIFS(I77:I139,D77:D139,P24,F77:F139,N24)+AVERAGEIFS(I143:I205,D143:D205,P24,F143:F205,N24)+AVERAGEIFS(I209:I271,D209:D271,P24,F209:F271,N24)+AVERAGEIFS(I275:I319,D275:D319,P24,F275:F319,N24))/5 -> 0 | P24: Hubert
D25: Hubert | F25: L4 | H25: 0.33333333 | I25: =1-(G25/H25) -> 1 | J25: 0.9 | N25: L2 | O25: =(AVERAGEIFS(I11:I73,D11:D73,P24,F11:F73,N25)+AVERAGEIFS(I77:I139,D77:D139,P24,F77:F139,N25)+AVERAGEIFS(I143:I205,D143:D205,P24,F143:F205,N25)+AVERAGEIFS(I209:I271,D209:D271,P24,F209:F271,N25)+AVERAGEIFS(I275:I319,D275:D319,P24,F275:F319,N25))/5 -> 0.92458333
C26: 22h-06h | D26: Cheik | F26: L1 | G26: 0.33333333 | H26: 0.33333333 | I26: =1-(G26/H26) -> 0 | J26: 0.9 | K26: défaut d'impression | N26: L4 | O26: =(AVERAGEIFS(I11:I73,D11:D73,P24,F11:F73,N26)+AVERAGEIFS(I77:I139,D77:D139,P24,F77:F139,N26)+AVERAGEIFS(I143:I205,D143:D205,P24,F143:F205,N26)+AVERAGEIFS(I209:I271,D209:D271,P24,F209:F271,N26)+AVERAGEIFS(I275:I319,D275:D319,P24,F275:F319,N26))/5 -> 0.79947222
D27: Cheik | F27: L2 | H27: 0.33333333 | I27: =1-(G27/H27) -> 1 | J27: 0.9 | N27: TAUX MOYEN | O27: =(O24+O25+O26)/3 -> 0.57468519
D28: Cheik | F28: L4 | H28: 0.33333333 | I28: =1-(G28/H28) -> 1 | J28: 0.9
B29: 45686 | C29: 06h-14h | D29: Ousseni | F29: L1 | G29: 0.33333333 | H29: 0.33333333 | I29: =1-(G29/H29) -> 0 | J29: 0.9 | K29: défaut d'impression | N29: LIGNE | O29: TAUX MOYEN DE DISPONIBILITE | P29: MAINTENANCIER DE QUART | Q29: COMMENTAIRE
D30: Ousseni | F30: L2 | G30: 0.20833333 | H30: 0.33333333 | I30: =1-(G30/H30) -> 0.375 | J30: 0.9 | K30: panne de compresseur
D31: Ousseni | F31: L4 | H31: 0.33333333 | I31: =1-(G31/H31) -> 1 | J31: 0.9 | N31: L1 | O31: =(AVERAGEIFS(I11:I73,D11:D73,P31,F11:F73,N31)+AVERAGEIFS(I77:I139,D77:D139,P31,F77:F139,N31)+AVERAGEIFS(I143:I205,D143:D205,P31,F143:F205,N31)+AVERAGEIFS(I209:I271,D209:D271,P31,F209:F271,N31)+AVERAGEIFS(I275:I319,D275:D319,P31,F275:F319,N31))/5 -> 0 | P31: Ousseni
C32: 14h-22h | D32: Zakaria | F32: L1 | G32: 0.33333333 | H32: 0.33333333 | I32: =1-(G32/H32) -> 0 | J32: 0.9 | K32: défaut d'impression | N32: L2 | O32: =(AVERAGEIFS(I11:I73,D11:D73,P31,F11:F73,N32)+AVERAGEIFS(I77:I139,D77:D139,P31,F77:F139,N32)+AVERAGEIFS(I143:I205,D143:D205,P31,F143:F205,N32)+AVERAGEIFS(I209:I271,D209:D271,P31,F209:F271,N32)+AVERAGEIFS(I275:I319,D275:D319,P31,F275:F319,N32))/5 -> 0.87291667
D33: Zakaria | F33: L2 | H33: 0.33333333 | I33: =1-(G33/H33) -> 1 | J33: 0.9 | N33: L4 | O33: =(AVERAGEIFS(I11:I73,D11:D73,P31,F11:F73,N33)+AVERAGEIFS(I77:I139,D77:D139,P31,F77:F139,N33)+AVERAGEIFS(I143:I205,D143:D205,P31,F143:F205,N33)+AVERAGEIFS(I209:I271,D209:D271,P31,F209:F271,N33)+AVERAGEIFS(I275:I319,D275:D319,P31,F275:F319,N33))/5 -> 0.80958333
D34: Zakaria | F34: L4 | H34: 0.33333333 | I34: =1-(G34/H34) -> 1 | J34: 0.9 | N34: TAUX MOYEN | O34: =(O31+O32+O33)/3 -> 0.56083333
C35: 22h-06h | D35: Hubert | F35: L1 | G35: 0.33333333 | H35: 0.33333333 | I35: =1-(G35/H35) -> 0 | J35: 0.9 | K35: défaut d'impression
D36: Hubert | F36: L2 | H36: 0.33333333 | I36: =1-(G36/H36) -> 1 | J36: 0.9 | N36: LIGNE | O36: TAUX MOYEN DE DISPONIBILITE | P36: MAINTENANCIER DE QUART | Q36: COMMENTAIRE
D37: Hubert | F37: L4 | H37: 0.33333333 | I37: =1-(G37/H37) -> 1 | J37: 0.9
B38: 45687 | C38: 06h-14h | D38: Ousseni | F38: L1 | G38: 0.33333333 | H38: 0.33333333 | I38: =1-(G38/H38) -> 0 | J38: 0.9 | N38: L1 | O38: =(AVERAGEIFS(I11:I73,D11:D73,P38,F11:F73,N38)+AVERAGEIFS(I77:I139,D77:D139,P38,F77:F139,N38)+AVERAGEIFS(I143:I205,D143:D205,P38,F143:F205,N38)+AVERAGEIFS(I209:I271,D209:D271,P38,F209:F271,N38)+AVERAGEIFS(I275:I319,D275:D319,P38,F275:F319,N38))/5 -> 0 | P38: Zakaria | Q38: EN FORMATION ISO DU 04FEV-8FEV
D39: Ousseni | F39: L2 | H39: 0.33333333 | I39: =1-(G39/H39) -> 1 | J39: 0.9 | N39: L2 | O39: =(AVERAGEIFS(I11:I73,D11:D73,P38,F11:F73,N39)+AVERAGEIFS(I77:I139,D77:D139,P38,F77:F139,N39)+AVERAGEIFS(I143:I205,D143:D205,P38,F143:F205,N39)+AVERAGEIFS(I209:I271,D209:D271,P38,F209:F271,N39)+AVERAGEIFS(I275:I319,D275:D319,P38,F275:F319,N39))/5 -> 0.89547222
D40: Ousseni | F40: L4 | H40: 0.33333333 | I40: =1-(G40/H40) -> 1 | J40: 0.9 | N40: L4 | O40: =(AVERAGEIFS(I11:I73,D11:D73,P38,F11:F73,N40)+AVERAGEIFS(I77:I139,D77:D139,P38,F77:F139,N40)+AVERAGEIFS(I143:I205,D143:D205,P38,F143:F205,N40)+AVERAGEIFS(I209:I271,D209:D271,P38,F209:F271,N40)+AVERAGEIFS(I275:I319,D275:D319,P38,F275:F319,N40))/5 -> 0.83472222
C41: 14h-22h | D41: Zakaria | F41: L1 | G41: 0.33333333 | H41: 0.33333333 | I41: =1-(G41/H41) -> 0 | J41: 0.9 | N41: TAUX MOYEN | O41: =(O38+O39+O40)/3 -> 0.57673148
D42: Zakaria | F42: L2 | H42: 0.33333333 | I42: =1-(G42/H42) -> 1 | J42: 0.9
D43: Zakaria | F43: L4 | H43: 0.33333333 | I43: =1-(G43/H43) -> 1 | J43: 0.9 | N43: LIGNE | O43: TAUX MOYEN DE DISPONIBILITE | P43: MAINTENANCIER DE QUART | Q43: COMMENTAIRE
C44: 22h-06h | D44: Hubert | F44: L1 | G44: 0.33333333 | H44: 0.33333333 | I44: =1-(G44/H44) -> 0 | J44: 0.9
D45: Hubert | F45: L2 | H45: 0.33333333 | I45: =1-(G45/H45) -> 1 | J45: 0.9 | N45: L1 | O45: =(AVERAGEIFS(I11:I73,D11:D73,P45,F11:F73,N45)+AVERAGEIFS(I77:I139,D77:D139,P45,F77:F139,N45)+AVERAGEIFS(I143:I205,D143:D205,P45,F143:F205,N45)+AVERAGEIFS(I209:I271,D209:D271,P45,F209:F271,N45)+AVERAGEIFS(I275:I319,D275:D319,P45,F275:F319,N45))/5 -> 0 | P45: Cheik
D46: Hubert | F46: L4 | H46: 0.33333333 | I46: =1-(G46/H46) -> 1 | J46: 0.9 | N46: L2 | O46: =(AVERAGEIFS(I11:I73,D11:D73,P45,F11:F73,N46)+AVERAGEIFS(I77:I139,D77:D139,P45,F77:F139,N46)+AVERAGEIFS(I143:I205,D143:D205,P45,F143:F205,N46)+AVERAGEIFS(I209:I271,D209:D271,P45,F209:F271,N46)+AVERAGEIFS(I275:I319,D275:D319,P45,F275:F319,N46))/5 -> 0.94372917
B47: 45688 | C47: 06h-14h | D47: Cheik | F47: L1 | G47: 0.33333333 | H47: 0.33333333 | I47: =1-(G47/H47) -> 0 | J47: 0.9 | N47: L4 | O47: =(AVERAGEIFS(I11:I73,D11:D73,P45,F11:F73,N47)+AVERAGEIFS(I77:I139,D77:D139,P45,F77:F139,N47)+AVERAGEIFS(I143:I205,D143:D205,P45,F143:F205,N47)+AVERAGEIFS(I209:I271,D209:D271,P45,F209:F271,N47)+AVERAGEIFS(I275:I319,D275:D319,P45,F275:F319,N47))/5 -> 0.81883333
D48: Cheik | F48: L2 | H48: 0.33333333 | I48: =1-(G48/H48) -> 1 | J48: 0.9 | N48: TAUX MOYEN | O48: =(O45+O46+O47)/3 -> 0.58752083
D49: Cheik | F49: L4 | G49: 0.0625 | H49: 0.33333333 | I49: =1-(G49/H49) -> 0.8125 | J49: 0.9 | K49: panne l4
C50: 14h-22h | D50: Ousseni | F50: L1 | G50: 0.33333333 | H50: 0.33333333 | I50: =1-(G50/H50) -> 0 | J50: 0.9
D51: Ousseni | F51: L2 | H51: 0.33333333 | I51: =1-(G51/H51) -> 1 | J51: 0.9
D52: Ousseni | F52: L4 | H52: 0.33333333 | I52: =1-(G52/H52) -> 1 | J52: 0.9
C53: 22h-06h | D53: Zakaria | F53: L1 | G53: 0.33333333 | H53: 0.33333333 | I53: =1-(G53/H53) -> 0 | J53: 0.9
D54: Zakaria | F54: L2 | H54: 0.33333333 | I54: =1-(G54/H54) -> 1 | J54: 0.9
D55: Zakaria | F55: L4 | H55: 0.33333333 | I55: =1-(G55/H55) -> 1 | J55: 0.9
B56: 45689 | C56: 06h-14h | D56: Cheik | F56: L1 | G56: 0.33333333 | H56: 0.33333333 | I56: =1-(G56/H56) -> 0 | J56: 0.9
D57: Cheik | F57: L2 | H57: 0.33333333 | I57: =1-(G57/H57) -> 1 | J57: 0.9
D58: Cheik | F58: L4 | H58: 0.33333333 | I58: =1-(G58/H58) -> 1 | J58: 0.9
C59: 14h-22h | D59: Ousseni | F59: L1 | G59: 0.33333333 | H59: 0.33333333 | I59: =1-(G59/H59) -> 0 | J59: 0.9 | K59: caramélisation en salle thermisation. Nettoyage des plaques
D60: Ousseni | F60: L2 | G60: 0.33333333 | H60: 0.33333333 | I60: =1-(G60/H60) -> 0 | J60: 0.9 | K60: caramélisation en salle thermisation. Nettoyage des plaques
D61: Ousseni | F61: L4 | G61: 0.33333333 | H61: 0.33333333 | I61: =1-(G61/H61) -> 0 | J61: 0.9 | K61: caramélisation en salle thermisation. Nettoyage des plaques
C62: 22h-06h | D62: Zakaria | F62: L1 | G62: 0.33333333 | H62: 0.33333333 | I62: =1-(G62/H62) -> 0 | J62: 0.9 | K62: caramélisation en salle thermisation. Nettoyage des plaques
D63: Zakaria | F63: L2 | G63: 0.33333333 | H63: 0.33333333 | I63: =1-(G63/H63) -> 0 | J63: 0.9 | K63: caramélisation en salle thermisation. Nettoyage des plaques
D64: Zakaria | F64: L4 | G64: 0.33333333 | H64: 0.33333333 | I64: =1-(G64/H64) -> 0 | J64: 0.9 | K64: caramélisation en salle thermisation. Nettoyage des plaques
B65: 45690 | C65: 06h-14h | D65: Hubert | F65: L1 | G65: 0.33333333 | H65: 0.33333333 | I65: =1-(G65/H65) -> 0 | J65: 0.9 | K65: caramélisation en salle thermisation. Nettoyage des plaques
D66: Hubert | F66: L2 | G66: 0.33333333 | H66: 0.33333333 | I66: =1-(G66/H66) -> 0 | J66: 0.9 | K66: caramélisation en salle thermisation. Nettoyage des plaques
D67: Hubert | F67: L4 | G67: 0.33333333 | H67: 0.33333333 | I67: =1-(G67/H67) -> 0 | J67: 0.9 | K67: caramélisation en salle thermisation. Nettoyage des plaques
C68: 14h-22h | D68: Cheik | F68: L1 | G68: 0.33333333 | H68: 0.33333333 | I68: =1-(G68/H68) -> 0 | J68: 0.9 | K68: défaut d'impression
D69: Cheik | F69: L2 | G69: 0.125 | H69: 0.33333333 | I69: =1-(G69/H69) -> 0.625 | J69: 0.9 | K69: debut des ligne du à un bouchon de broyeur
D70: Cheik | F70: L4 | G70: 0.125 | H70: 0.33333333 | I70: =1-(G70/H70) -> 0.625 | J70: 0.9 | K70: debut des ligne du à un bouchon de broyeur
C71: 22h-06h | D71: Ousseni | F71: L1 | G71: 0.33333333 | H71: 0.33333333 | I71: =1-(G71/H71) -> 0 | J71: 0.9
D72: Ousseni | F72: L2 | H72: 0.33333333 | I72: =1-(G72/H72) -> 1 | J72: 0.9
D73: Ousseni | F73: L4 | H73: 0.33333333 | I73: =1-(G73/H73) -> 1 | J73: 0.9
F74: L1 | I74: =AVERAGEIF(F11:F73,F74,I11:I73) -> 0 | J74: 0.9
F75: L2 | I75: =AVERAGEIF(F11:F73,F75,I11:I73) -> 0.80625 | J75: 0.9
F76: L4 | I76: =AVERAGEIF(F11:F73,F76,I11:I73) -> 0.83035714 | J76: 0.9
A77: S06 | B77: 45691 | C77: 06h-14h | D77: Nettoyage | F77: L1 | G77: 0.33333333 | H77: 0.33333333 | I77: =1-(G77/H77) -> 0 | J77: 0.9
D78: Nettoyage | F78: L2 | H78: 0.33333333 | I78: =1-(G78/H78) -> 1 | J78: 0.9
D79: Nettoyage | F79: L4 | H79: 0.33333333 | I79: =1-(G79/H79) -> 1 | J79: 0.9
C80: 14h-22h | D80: Cheik | F80: L1 | G80: 0.33333333 | H80: 0.33333333 | I80: =1-(G80/H80) -> 0 | J80: 0.9 | K80: défaut d'impression
D81: Cheik | F81: L2 | H81: 0.33333333 | I81: =1-(G81/H81) -> 1 | J81: 0.9
D82: Cheik | F82: L4 | H82: 0.33333333 | I82: =1-(G82/H82) -> 1 | J82: 0.9
C83: 22h-06h | D83: Ousseni | F83: L1 | G83: 0.33333333 | H83: 0.33333333 | I83: =1-(G83/H83) -> 0 | J83: 0.9
D84: Ousseni | F84: L2 | H84: 0.33333333 | I84: =1-(G84/H84) -> 1 | J84: 0.9
D85: Ousseni | F85: L4 | G85: 0.069444444 | H85: 0.33333333 | I85: =1-(G85/H85) -> 0.79166667 | J85: 0.9
B86: 45692 | C86: 06h-14h | F86: L1 | G86: 0.33333333 | H86: 0.33333333 | I86: =1-(G86/H86) -> 0 | J86: 0.9 | K86: défaut d'impression
F87: L2 | H87: 0.33333333 | I87: =1-(G87/H87) -> 1 | J87: 0.9
F88: L4 | H88: 0.33333333 | I88: =1-(G88/H88) -> 1 | J88: 0.9
C89: 14h-22h | D89: Hubert | F89: L1 | G89: 0.33333333 | H89: 0.33333333 | I89: =1-(G89/H89) -> 0 | J89: 0.9 | K89: défaut d'impression
D90: Hubert | F90: L2 | G90: 0.10833333 | H90: 0.33333333 | I90: =1-(G90/H90) -> 0.675 | J90: 0.9 | K90: défaut soudure
D91: Hubert | F91: L4 | H91: 0.33333333 | I91: =1-(G91/H91) -> 1 | J91: 0.9
C92: 22h-06h | D92: Cheik | F92: L1 | G92: 0.33333333 | H92: 0.33333333 | I92: =1-(G92/H92) -> 0 | J92: 0.9 | K92: défaut d'impression
D93: Cheik | F93: L2 | G93: 0.20833333 | H93: 0.33333333 | I93: =1-(G93/H93) -> 0.375 | J93: 0.9 | K93: arret thermisation. Defaut broyeur 1
D94: Cheik | F94: L4 | G94: 0.20833333 | H94: 0.33333333 | I94: =1-(G94/H94) -> 0.375 | J94: 0.9 | K94: arret thermisation. Defaut broyeur 1
B95: 45693 | C95: 06h-14h | F95: L1 | G95: 0.33333333 | H95: 0.33333333 | I95: =1-(G95/H95) -> 0 | J95: 0.9 | K95: défaut d'impression
F96: L2 | H96: 0.33333333 | I96: =1-(G96/H96) -> 1 | J96: 0.9
F97: L4 | H97: 0.33333333 | I97: =1-(G97/H97) -> 1 | J97: 0.9
C98: 14h-22h | D98: Hubert | F98: L1 | G98: 0.33333333 | H98: 0.33333333 | I98: =1-(G98/H98) -> 0 | J98: 0.9 | K98: défaut d'impression
D99: Hubert | F99: L2 | H99: 0.33333333 | I99: =1-(G99/H99) -> 1 | J99: 0.9
D100: Hubert | F100: L4 | H100: 0.33333333 | I100: =1-(G100/H100) -> 1 | J100: 0.9
C101: 22h-06h | D101: Cheik | F101: L1 | G101: 0.33333333 | H101: 0.33333333 | I101: =1-(G101/H101) -> 0 | J101: 0.9 | K101: défaut d'impression
D102: Cheik | F102: L2 | H102: 0.33333333 | I102: =1-(G102/H102) -> 1 | J102: 0.9
D103: Cheik | F103: L4 | H103: 0.33333333 | I103: =1-(G103/H103) -> 1 | J103: 0.9
B104: 45694 | C104: 06h-14h | D104: Ousseni | F104: L1 | G104: 0.33333333 | H104: 0.33333333 | I104: =1-(G104/H104) -> 0 | J104: 0.9 | K104: défaut d'impression
D105: Ousseni | F105: L2 | H105: 0.33333333 | I105: =1-(G105/H105) -> 1 | J105: 0.9
...

Sheet Dispo mars25
K1: PS-ME-EN-SDM-A
A2: Suivi des Données de la maintenance des équipements
A3: Créée le : 01/01/2024 | G3: Modifié le : | K3: Page 3/1
A4: Emetteur : T. COMPAORE Date : 01/01/2024 Fonction : RT Signature : | G4: Vérificateur : C.Christophe Date : 01/01/2024 Fonction : RQRD Signature : | K4: Approbateur : O. COULIBALY Date : 02/01/2024 Fonction : DG Signature :
A10: semaines | B10: DATES | C10: QUART | D10: MAINTENANCIER DU QUART | E10: CO-MAINTENANCIER | F10: LIGNE DE PRODUCTION | G10: DUREE D'ARRET (HEURE) | H10: TEMPS DE COUVERTURE | I10: TAUX DE DISPONIBILTE | J10: TAUX CIBLE | K10: CAUSE D'INDISPONIBLITE | L10: OBSERVATIONS
A11: S10 | B11: 45717 | C11: 06h-14h | D11: Zakaria | F11: L1 | G11: 0.33333333 | H11: 0.33333333 | I11: =1-(G11/H11) -> 0 | J11: 0.9
D12: Zakaria | F12: L2 | H12: 0.33333333 | I12: =1-(G12/H12) -> 1 | J12: 0.9
D13: Zakaria | F13: L4 | H13: 0.33333333 | I13: =1-(G13/H13) -> 1 | J13: 0.9
C14: 14h-22h | D14: Hubert | F14: L1 | G14: 0.33333333 | H14: 0.33333333 | I14: =1-(G14/H14) -> 0 | J14: 0.9
D15: Hubert | F15: L2 | H15: 0.33333333 | I15: =1-(G15/H15) -> 1 | J15: 0.9
D16: Hubert | F16: L4 | G16: 0.075 | H16: 0.33333333 | I16: =1-(G16/H16) -> 0.775 | J16: 0.9
C17: 22h-06h | D17: Cheik | F17: L1 | G17: 0.33333333 | H17: 0.33333333 | I17: =1-(G17/H17) -> 0 | J17: 0.9
D18: Cheik | F18: L2 | H18: 0.33333333 | I18: =1-(G18/H18) -> 1 | J18: 0.9
D19: Cheik | F19: L4 | H19: 0.33333333 | I19: =1-(G19/H19) -> 1 | J19: 0.9
B20: 45718 | C20: 06h-14h | D20: Ousseni | F20: L1 | G20: 0.33333333 | H20: 0.33333333 | I20: =1-(G20/H20) -> 0 | J20: 0.9
D21: Ousseni | F21: L2 | H21: 0.33333333 | I21: =1-(G21/H21) -> 1 | J21: 0.9
D22: Ousseni | F22: L4 | H22: 0.33333333 | I22: =1-(G22/H22) -> 1 | J22: 0.9
C23: 14h-22h | D23: Zakaria | F23: L1 | G23: 0.33333333 | H23: 0.33333333 | I23: =1-(G23/H23) -> 0 | J23: 0.9
D24: Zakaria | F24: L2 | H24: 0.33333333 | I24: =1-(G24/H24) -> 1 | J24: 0.9
D25: Zakaria | F25: L4 | H25: 0.33333333 | I25: =1-(G25/H25) -> 1 | J25: 0.9
C26: 22h-06h | D26: Hubert | F26: L1 | G26: 0.33333333 | H26: 0.33333333 | I26: =1-(G26/H26) -> 0 | J26: 0.9
D27: Hubert | F27: L2 | H27: 0.33333333 | I27: =1-(G27/H27) -> 1 | J27: 0.9
D28: Hubert | F28: L4 | G28: 0.020833333 | H28: 0.33333333 | I28: =1-(G28/H28) -> 0.9375 | J28: 0.9
F29: L1 | I29: =AVERAGEIF(F11:F28,F29,I11:I28) -> 0 | J29: 0.9
F30: L2 | I30: =AVERAGEIF(F11:F28,F30,I11:I28) -> 1 | J30: 0.9
F31: L4 | I31: =AVERAGEIF(F11:F28,F31,I11:I28) -> 0.95208333 | J31: 0.9
B32: 45719 | C32: 06h-14h | D32: Nettoyage | F32: L1 | G32: 0.33333333 | H32: 0.33333333 | I32: =1-(G32/H32) -> 0 | J32: 0.9
D33: Nettoyage | F33: L2 | H33: 0.33333333 | I33: =1-(G33/H33) -> 1 | J33: 0.9
D34: Nettoyage | F34: L4 | H34: 0.33333333 | I34: =1-(G34/H34) -> 1 | J34: 0.9 | N34: MARS 2025
C35: 14h-22h | D35: Zakaria | F35: L1 | G35: 0.33333333 | H35: 0.33333333 | I35: =1-(G35/H35) -> 0 | J35: 0.9
D36: Zakaria | F36: L2 | H36: 0.33333333 | I36: =1-(G36/H36) -> 1 | J36: 0.9 | N36: LIGNE | O36: TAUX MOYEN DE DISPONIBILITE | P36: DISPONIBILITE GLOBAL | Q36: COMMENTAIRE
D37: Zakaria | F37: L4 | H37: 0.33333333 | I37: =1-(G37/H37) -> 1 | J37: 0.9
C38: 22h-06h | D38: Hubert | F38: L1 | G38: 0.33333333 | H38: 0.33333333 | I38: =1-(G38/H38) -> 0 | J38: 0.9 | N38: L1 | O38: =(I29+I95+I161+I227+I293)/5 -> 0.44549603 | P38: =(O38+O39+O40)/3 -> 0.73255952 | Q38: arret totale L1 du 01 au 9mars (09 jours). Plusieurs pannes sur L4 (problème de microfuite et de spot: des difficultés de réglages constatés
D39: Hubert | F39: L2 | H39: 0.33333333 | I39: =1-(G39/H39) -> 1 | J39: 0.9 | N39: L2 | O39: =(I30+I96+I162+I228+I294)/5 -> 0.91170635
D40: Hubert | F40: L4 | H40: 0.33333333 | I40: =1-(G40/H40) -> 1 | J40: 0.9 | N40: L4 | O40: =(I31+I97+I163+I229+I295)/5 -> 0.84047619
B41: 45720 | C41: 06h-14h | D41: Cheik | F41: L1 | G41: 0.33333333 | H41: 0.33333333 | I41: =1-(G41/H41) -> 0 | J41: 0.9
D42: Cheik | F42: L2 | H42: 0.33333333 | I42: =1-(G42/H42) -> 1 | J42: 0.9
D43: Cheik | F43: L4 | H43: 0.33333333 | I43: =1-(G43/H43) -> 1 | J43: 0.9 | N43: LIGNE | O43: TAUX MOYEN DE DISPONIBILITE | P43: MAINTENANCIER DE QUART | Q43: COMMENTAIRE
C44: 14h-22h | D44: Ousseni | F44: L1 | G44: 0.33333333 | H44: 0.33333333 | I44: =1-(G44/H44) -> 0 | J44: 0.9
D45: Ousseni | F45: L2 | H45: 0.33333333 | I45: =1-(G45/H45) -> 1 | J45: 0.9 | N45: L1 | O45: =(AVERAGEIFS(I11:I28,D11:D28,P45,F11:F28,N38)+AVERAGEIFS(I32:I94,D32:D94,P45,F32:F94,N38)+AVERAGEIFS(I98:I160,D98:D160,P45,F98:F160,N38)+AVERAGEIFS(I164:I226,D164:D226,P45,F164:F226,N38)+AVERAGEIFS(I230:I292,D230:D292,P45,F230:F292,N38))/5 -> 0.37172917 | P45: Hubert
D46: Ousseni | F46: L4 | H46: 0.33333333 | I46: =1-(G46/H46) -> 1 | J46: 0.9 | N46: L2 | O46: =(AVERAGEIFS(I11:I28,D11:D28,P45,F11:F28,N46)+AVERAGEIFS(I32:I94,D32:D94,P45,F32:F94,N46)+AVERAGEIFS(I98:I160,D98:D160,P45,F98:F160,N46)+AVERAGEIFS(I164:I226,D164:D226,P45,F164:F226,N46)+AVERAGEIFS(I230:I292,D230:D292,P45,F230:F292,N46))/5 -> 0.83791667
C47: 22h-06h | D47: Zakaria | F47: L1 | G47: 0.33333333 | H47: 0.33333333 | I47: =1-(G47/H47) -> 0 | J47: 0.9 | N47: L4 | O47: =(AVERAGEIFS(I11:I28,D11:D28,P45,F11:F28,N47)+AVERAGEIFS(I32:I94,D32:D94,P45,F32:F94,N47)+AVERAGEIFS(I98:I160,D98:D160,P45,F98:F160,N47)+AVERAGEIFS(I164:I226,D164:D226,P45,F164:F226,N47)+AVERAGEIFS(I230:I292,D230:D292,P45,F230:F292,N47))/5 -> 0.78770833
D48: Zakaria | F48: L2 | H48: 0.33333333 | I48: =1-(G48/H48) -> 1 | J48: 0.9 | N48: TAUX MOYEN | O48: =(O45+O46+O47)/3 -> 0.66578472
D49: Zakaria | F49: L4 | H49: 0.33333333 | I49: =1-(G49/H49) -> 1 | J49: 0.9
B50: 45721 | C50: 06h-14h | D50: Cheik | F50: L1 | G50: 0.33333333 | H50: 0.33333333 | I50: =1-(G50/H50) -> 0 | J50: 0.9 | N50: LIGNE | O50: TAUX MOYEN DE DISPONIBILITE | P50: MAINTENANCIER DE QUART | Q50: COMMENTAIRE
D51: Cheik | F51: L2 | H51: 0.33333333 | I51: =1-(G51/H51) -> 1 | J51: 0.9
D52: Cheik | F52: L4 | H52: 0.33333333 | I52: =1-(G52/H52) -> 1 | J52: 0.9 | N52: L1 | O52: =(AVERAGEIFS(I11:I28,D11:D28,P52,F11:F28,N52)+AVERAGEIFS(I32:I94,D32:D94,P52,F32:F94,N52)+AVERAGEIFS(I98:I160,D98:D160,P52,F98:F160,N52)+AVERAGEIFS(I164:I226,D164:D226,P52,F164:F226,N52)+AVERAGEIFS(I230:I292,D230:D292,P52,F230:F292,N52))/5 -> 0.40208333 | P52: Ousseni
C53: 14h-22h | D53: Ousseni | F53: L1 | G53: 0.33333333 | H53: 0.33333333 | I53: =1-(G53/H53) -> 0 | J53: 0.9 | N53: L2 | O53: =(AVERAGEIFS(I11:I28,D11:D28,P52,F11:F28,N53)+AVERAGEIFS(I32:I94,D32:D94,P52,F32:F94,N53)+AVERAGEIFS(I98:I160,D98:D160,P52,F98:F160,N53)+AVERAGEIFS(I164:I226,D164:D226,P52,F164:F226,N53)+AVERAGEIFS(I230:I292,D230:D292,P52,F230:F292,N53))/5 -> 0.88958333
D54: Ousseni | F54: L2 | H54: 0.33333333 | I54: =1-(G54/H54) -> 1 | J54: 0.9 | N54: L4 | O54: =(AVERAGEIFS(I11:I28,D11:D28,P52,F11:F28,N54)+AVERAGEIFS(I32:I94,D32:D94,P52,F32:F94,N54)+AVERAGEIFS(I98:I160,D98:D160,P52,F98:F160,N54)+AVERAGEIFS(I164:I226,D164:D226,P52,F164:F226,N54)+AVERAGEIFS(I230:I292,D230:D292,P52,F230:F292,N54))/5 -> 0.80972222
D55: Ousseni | F55: L4 | G55: 0.0625 | H55: 0.33333333 | I55: =1-(G55/H55) -> 0.8125 | J55: 0.9 | N55: TAUX MOYEN | O55: =(O52+O53+O54)/3 -> 0.70046296
C56: 22h-06h | D56: Zakaria | F56: L1 | G56: 0.33333333 | H56: 0.33333333 | I56: =1-(G56/H56) -> 0 | J56: 0.9
D57: Zakaria | F57: L2 | H57: 0.33333333 | I57: =1-(G57/H57) -> 1 | J57: 0.9 | N57: LIGNE | O57: TAUX MOYEN DE DISPONIBILITE | P57: MAINTENANCIER DE QUART | Q57: COMMENTAIRE
D58: Zakaria | F58: L4 | H58: 0.33333333 | I58: =1-(G58/H58) -> 1 | J58: 0.9
B59: 45722 | C59: 06h-14h | D59: Hubert | F59: L1 | G59: 0.33333333 | H59: 0.33333333 | I59: =1-(G59/H59) -> 0 | J59: 0.9 | N59: L1 | O59: =(AVERAGEIFS(I11:I28,D11:D28,P59,F11:F28,N59)+AVERAGEIFS(I32:I94,D32:D94,P59,F32:F94,N59)+AVERAGEIFS(I98:I160,D98:D160,P59,F98:F160,N59)+AVERAGEIFS(I230:I292,D230:D292,P59,F230:F292,N59))/5 -> 0.4 | P59: Zakaria | Q59: congé sur 12 jours en mars.
D60: Hubert | F60: L2 | H60: 0.33333333 | I60: =1-(G60/H60) -> 1 | J60: 0.9 | N60: L2 | O60: =(AVERAGEIFS(I11:I28,D11:D28,P59,F11:F28,N60)+AVERAGEIFS(I32:I94,D32:D94,P59,F32:F94,N60)+AVERAGEIFS(I98:I160,D98:D160,P59,F98:F160,N60)+AVERAGEIFS(I230:I292,D230:D292,P59,F230:F292,N60))/5 -> 0.7075
D61: Hubert | F61: L4 | H61: 0.33333333 | I61: =1-(G61/H61) -> 1 | J61: 0.9 | N61: L4 | O61: =(AVERAGEIFS(I11:I28,D11:D28,P59,F11:F28,N61)+AVERAGEIFS(I32:I94,D32:D94,P59,F32:F94,N61)+AVERAGEIFS(I98:I160,D98:D160,P59,F98:F160,N61)+AVERAGEIFS(I230:I292,D230:D292,P59,F230:F292,N61))/5 -> 0.78125
C62: 14h-22h | D62: Cheik | F62: L1 | G62: 0.33333333 | H62: 0.33333333 | I62: =1-(G62/H62) -> 0 | J62: 0.9 | N62: TAUX MOYEN | O62: =(O59+O60+O61)/3 -> 0.62958333
D63: Cheik | F63: L2 | H63: 0.33333333 | I63: =1-(G63/H63) -> 1 | J63: 0.9
D64: Cheik | F64: L4 | H64: 0.33333333 | I64: =1-(G64/H64) -> 1 | J64: 0.9 | N64: LIGNE | O64: TAUX MOYEN DE DISPONIBILITE | P64: MAINTENANCIER DE QUART | Q64: COMMENTAIRE
C65: 22h-06h | D65: Ousseni | F65: L1 | G65: 0.33333333 | H65: 0.33333333 | I65: =1-(G65/H65) -> 0 | J65: 0.9
D66: Ousseni | F66: L2 | H66: 0.33333333 | I66: =1-(G66/H66) -> 1 | J66: 0.9 | N66: L1 | O66: =(AVERAGEIFS(I11:I28,D11:D28,P66,F11:F28,N66)+AVERAGEIFS(I32:I94,D32:D94,P66,F32:F94,N66)+AVERAGEIFS(I98:I160,D98:D160,P66,F98:F160,N66)+AVERAGEIFS(I164:I226,D164:D226,P66,F164:F226,N66)+AVERAGEIFS(I230:I292,D230:D292,P66,F230:F292,N66))/5 -> 0.41 | P66: Cheik
D67: Ousseni | F67: L4 | H67: 0.33333333 | I67: =1-(G67/H67) -> 1 | J67: 0.9 | N67: L2 | O67: =(AVERAGEIFS(I11:I28,D11:D28,P66,F11:F28,N67)+AVERAGEIFS(I32:I94,D32:D94,P66,F32:F94,N67)+AVERAGEIFS(I98:I160,D98:D160,P66,F98:F160,N67)+AVERAGEIFS(I164:I226,D164:D226,P66,F164:F226,N67)+AVERAGEIFS(I230:I292,D230:D292,P66,F230:F292,N67))/5 -> 0.88158333
B68: 45723 | C68: 06h-14h | D68: Hubert | F68: L1 | G68: 0.33333333 | H68: 0.33333333 | I68: =1-(G68/H68) -> 0 | J68: 0.9 | N68: L4 | O68: =(AVERAGEIFS(I11:I28,D11:D28,P66,F11:F28,N68)+AVERAGEIFS(I32:I94,D32:D94,P66,F32:F94,N68)+AVERAGEIFS(I98:I160,D98:D160,P66,F98:F160,N68)+AVERAGEIFS(I164:I226,D164:D226,P66,F164:F226,N68)+AVERAGEIFS(I230:I292,D230:D292,P66,F230:F292,N68))/5 -> 0.8125
D69: Hubert | F69: L2 | H69: 0.33333333 | I69: =1-(G69/H69) -> 1 | J69: 0.9 | N69: TAUX MOYEN | O69: =(O66+O67+O68)/3 -> 0.70136111
D70: Hubert | F70: L4 | G70: 0.05 | H70: 0.33333333 | I70: =1-(G70/H70) -> 0.85 | J70: 0.9
C71: 14h-22h | D71: Cheik | F71: L1 | G71: 0.33333333 | H71: 0.33333333 | I71: =1-(G71/H71) -> 0 | J71: 0.9
D72: Cheik | F72: L2 | H72: 0.33333333 | I72: =1-(G72/H72) -> 1 | J72: 0.9
D73: Cheik | F73: L4 | H73: 0.33333333 | I73: =1-(G73/H73) -> 1 | J73: 0.9
C74: 22h-06h | D74: Ousseni | F74: L1 | G74: 0.33333333 | H74: 0.33333333 | I74: =1-(G74/H74) -> 0 | J74: 0.9
D75: Ousseni | F75: L2 | H75: 0.33333333 | I75: =1-(G75/H75) -> 1 | J75: 0.9
D76: Ousseni | F76: L4 | G76: 0.33333333 | H76: 0.33333333 | I76: =1-(G76/H76) -> 0 | J76: 0.9
B77: 45724 | C77: 06h-14h | F77: L1 | H77: 0.33333333 | I77: =1-(G77/H77) -> 1 | J77: 0.9 | K77: arret prod.ferié
F78: L2 | H78: 0.33333333 | I78: =1-(G78/H78) -> 1 | J78: 0.9
F79: L4 | H79: 0.33333333 | I79: =1-(G79/H79) -> 1 | J79: 0.9
C80: 14h-22h | F80: L1 | H80: 0.33333333 | I80: =1-(G80/H80) -> 1 | J80: 0.9
F81: L2 | H81: 0.33333333 | I81: =1-(G81/H81) -> 1 | J81: 0.9
F82: L4 | H82: 0.33333333 | I82: =1-(G82/H82) -> 1 | J82: 0.9
C83: 22h-06h | F83: L1 | G83: 0.33333333 | H83: 0.33333333 | I83: =1-(G83/H83) -> 0 | J83: 0.9
F84: L2 | H84: 0.33333333 | I84: =1-(G84/H84) -> 1 | J84: 0.9
F85: L4 | H85: 0.33333333 | I85: =1-(G85/H85) -> 1 | J85: 0.9
B86: 45725 | C86: 06h-14h | D86: Zakaria | F86: L1 | G86: 0.33333333 | H86: 0.33333333 | I86: =1-(G86/H86) -> 0 | J86: 0.9
D87: Zakaria | F87: L2 | H87: 0.33333333 | I87: =1-(G87/H87) -> 1 | J87: 0.9
D88: Zakaria | F88: L4 | G88: 0.125 | H88: 0.33333333 | I88: =1-(G88/H88) -> 0.625 | J88: 0.9
C89: 14h-22h | D89: Hubert | F89: L1 | G89: 0.33333333 | H89: 0.33333333 | I89: =1-(G89/H89) -> 0 | J89: 0.9
D90: Hubert | F90: L2 | H90: 0.33333333 | I90: =1-(G90/H90) -> 1 | J90: 0.9
D91: Hubert | F91: L4 | H91: 0.33333333 | I91: =1-(G91/H91) -> 1 | J91: 0.9
C92: 22h-06h | D92: Cheik | F92: L1 | G92: 0.33333333 | H92: 0.33333333 | I92: =1-(G92/H92) -> 0 | J92: 0.9
D93: Cheik | F93: L2 | H93: 0.33333333 | I93: =1-(G93/H93) -> 1 | J93: 0.9
D94: Cheik | F94: L4 | H94: 0.33333333 | I94: =1-(G94/H94) -> 1 | J94: 0.9
F95: L1 | I95: =AVERAGEIF(F32:F94,F95,I32:I94) -> 0.095238095 | J95: 0.9
F96: L2 | I96: =AVERAGEIF(F32:F94,F96,I32:I94) -> 1 | J96: 0.9
F97: L4 | I97: =AVERAGEIF(F32:F94,F97,I32:I94) -> 0.91845238 | J97: 0.9
A98: S11 | B98: 45726 | C98: 06h-14h | D98: Nettoyage | F98: L1 | H98: 0.33333333 | I98: =1-(G98/H98) -> 1 | J98: 0.9 | K98: nettoyage hebdo
D99: Nettoyage | F99: L2 | H99: 0.33333333 | I99: =1-(G99/H99) -> 1 | J99: 0.9 | K99: nettoyage hebdo
D100: Nettoyage | F100: L4 | H100: 0.33333333 | I100: =1-(G100/H100) -> 1 | J100: 0.9 | K100: nettoyage hebdo
C101: 14h-22h | D101: Nettoyage | F101: L1 | H101: 0.33333333 | I101: =1-(G101/H101) -> 1 | J101: 0.9 | K101: nettoyage changement produit ENB
D102: Nettoyage | F102: L2 | H102: 0.33333333 | I102: =1-(G102/H102) -> 1 | J102: 0.9 | K102: nettoyage changement produit ENB
D103: Nettoyage | F103: L4 | H103: 0.33333333 | I103: =1-(G103/H103) -> 1 | J103: 0.9 | K103: nettoyage changement produit ENB
C104: 22h-06h | D104: Nettoyage | F104: L1 | H104: 0.33333333 | I104: =1-(G104/H104) -> 1 | J104: 0.9 | K104: arret
D105: Nettoyage | F105: L2 | H105: 0.33333333 | I105: =1-(G105/H105) -> 1 | J105: 0.9 | K105: arret
...

Sheet Dispoavril25
A1: Dispo | K1: PS-ME-EN-SDM-A
A2: Suivi des Données de la maintenance des équipements
A3: Créée le : 01/01/2024 | G3: Modifié le : | K3: Page 3/1
A4: Emetteur : T. COMPAORE Date : 01/01/2024 Fonction : RT Signature : | G4: Vérificateur : C.Christophe Date : 01/01/2024 Fonction : RQRD Signature : | K4: Approbateur : O. COULIBALY Date : 02/01/2024 Fonction : DG Signature :
A10: semaines | B10: DATES | C10: QUART | D10: MAINTENANCIER DU QUART | E10: CO-MAINTENANCIER | F10: LIGNE DE PRODUCTION | G10: DUREE D'ARRET (HEURE) | H10: TEMPS DE COUVERTURE | I10: TAUX DE DISPONIBILTE | J10: TAUX CIBLE | K10: CAUSE D'INDISPONIBLITE | L10: OBSERVATIONS
A11: S14 | B11: 45748 | C11: 06h-14h | D11: Nettoyage | F11: L1 | H11: 0.33333333 | I11: =1-(G11/H11) -> 1 | J11: 0.9
D12: Nettoyage | F12: L2 | H12: 0.33333333 | I12: =1-(G12/H12) -> 1 | J12: 0.9
D13: Nettoyage | F13: L4 | H13: 0.33333333 | I13: =1-(G13/H13) -> 1 | J13: 0.9 | N13: AVRIL 2025
C14: 14h-22h | F14: L1 | H14: 0.33333333 | I14: =1-(G14/H14) -> 1 | J14: 0.9
F15: L2 | H15: 0.33333333 | I15: =1-(G15/H15) -> 1 | J15: 0.9 | N15: LIGNE | O15: TAUX MOYEN DE DISPONIBILITE | P15: DISPONIBILITE GLOBAL | Q15: COMMENTAIRE
F16: L4 | G16: 0.33333333 | H16: 0.33333333 | I16: =1-(G16/H16) -> 0 | J16: 0.9 | K16: panne machoire | L16: réparation entaille (élargissement)
C17: 22h-06h | D17: Cheik | F17: L1 | H17: 0.33333333 | I17: =1-(G17/H17) -> 1 | J17: 0.9 | N17: L1 | O17: =(I65+I131+I197+I263+I293)/5 -> 0.98555556 | P17: =(O17+O18+O19)/3 -> 0.88793651 | Q17: panne avec L4. PROBLEME DE DEFAUT DOSEUR et capteur de spot sur l'ensacheuse.
D18: Cheik | F18: L2 | H18: 0.33333333 | I18: =1-(G18/H18) -> 1 | J18: 0.9 | N18: L2 | O18: =(I66+I132+I198+I264+I294)/5 -> 0.97956349
D19: Cheik | F19: L4 | G19: 0.33333333 | H19: 0.33333333 | I19: =1-(G19/H19) -> 0 | J19: 0.9 | K19: panne machoire | L19: réparation entaille (élargissement) | N19: L4 | O19: =(I67+I133+I199+I265+I295)/5 -> 0.69869048
B20: 45749 | C20: 06h-14h | D20: Zakaria | F20: L1 | H20: 0.33333333 | I20: =1-(G20/H20) -> 1 | J20: 0.9
D21: Zakaria | F21: L2 | H21: 0.33333333 | I21: =1-(G21/H21) -> 1 | J21: 0.9
D22: Zakaria | F22: L4 | H22: 0.33333333 | I22: =1-(G22/H22) -> 1 | J22: 0.9 | N22: LIGNE | O22: TAUX MOYEN DE DISPONIBILITE | P22: MAINTENANCIER DE QUART | Q22: COMMENTAIRE
C23: 14h-22h | F23: L1 | H23: 0.33333333 | I23: =1-(G23/H23) -> 1 | J23: 0.9
F24: L2 | H24: 0.33333333 | I24: =1-(G24/H24) -> 1 | J24: 0.9 | N24: L1 | O24: =(AVERAGEIFS(I11:I55,D11:D55,P24,F11:F55,N24)+AVERAGEIFS(I68:I112,D68:D112,P24,F68:F112,N24)+AVERAGEIFS(I134:I178,D134:D178,P24,F134:F178,N24))/3 -> #DIV/0! | P24: Hubert | Q24: congé annuel du 1/04/25 au 30/04/25
F25: L4 | H25: 0.33333333 | I25: =1-(G25/H25) -> 1 | J25: 0.9 | N25: L2 | O25: =(AVERAGEIFS(I11:I55,D11:D55,P24,F11:F55,N25)+AVERAGEIFS(I68:I112,D68:D112,P24,F68:F112,N25)+AVERAGEIFS(I134:I178,D134:D178,P24,F134:F178,N25))/3 -> #DIV/0!
C26: 22h-06h | D26: Cheik | F26: L1 | H26: 0.33333333 | I26: =1-(G26/H26) -> 1 | J26: 0.9 | N26: L4 | O26: =(AVERAGEIFS(I11:I55,D11:D55,P24,F11:F55,N26)+AVERAGEIFS(I68:I112,D68:D112,P24,F68:F112,N26)+AVERAGEIFS(I134:I178,D134:D178,P24,F134:F178,N26))/3 -> #DIV/0!
D27: Cheik | F27: L2 | H27: 0.33333333 | I27: =1-(G27/H27) -> 1 | J27: 0.9 | N27: TAUX MOYEN | O27: =(O24+O25+O26)/3 -> #DIV/0!
D28: Cheik | F28: L4 | H28: 0.33333333 | I28: =1-(G28/H28) -> 1 | J28: 0.9
B29: 45750 | C29: 06h-14h | D29: Ousseni | F29: L1 | H29: 0.33333333 | I29: =1-(G29/H29) -> 1 | J29: 0.9 | N29: LIGNE | O29: TAUX MOYEN DE DISPONIBILITE | P29: MAINTENANCIER DE QUART | Q29: COMMENTAIRE
D30: Ousseni | F30: L2 | H30: 0.33333333 | I30: =1-(G30/H30) -> 1 | J30: 0.9
D31: Ousseni | F31: L4 | H31: 0.33333333 | I31: =1-(G31/H31) -> 1 | J31: 0.9 | N31: L1 | O31: =(AVERAGEIFS(I11:I64,D11:D64,P31,F11:F64,N31)+AVERAGEIFS(I68:I130,D68:D130,P31,F68:F130,N31)+AVERAGEIFS(I134:I196,D134:D196,P31,F134:F196,N31)+AVERAGEIFS(I200:I262,D200:D262,P31,F200:F262,N31)+AVERAGEIFS(I266:I292,D266:D292,P31,F266:F292,N31))/5 -> 0.93447917 | P31: Ousseni
C32: 14h-22h | D32: Zakaria | F32: L1 | H32: 0.33333333 | I32: =1-(G32/H32) -> 1 | J32: 0.9 | N32: L2 | O32: =(AVERAGEIFS(I11:I64,D11:D64,P31,F11:F64,N32)+AVERAGEIFS(I68:I130,D68:D130,P31,F68:F130,N32)+AVERAGEIFS(I134:I196,D134:D196,P31,F134:F196,N32)+AVERAGEIFS(I200:I262,D200:D262,P31,F200:F262,N32)+AVERAGEIFS(I266:I292,D266:D292,P31,F266:F292,N32))/5 -> 0.93866667
D33: Zakaria | F33: L2 | H33: 0.33333333 | I33: =1-(G33/H33) -> 1 | J33: 0.9 | N33: L4 | O33: =(AVERAGEIFS(I11:I64,D11:D64,P31,F11:F64,N33)+AVERAGEIFS(I68:I130,D68:D130,P31,F68:F130,N33)+AVERAGEIFS(I134:I196,D134:D196,P31,F134:F196,N33)+AVERAGEIFS(I200:I262,D200:D262,P31,F200:F262,N33)+AVERAGEIFS(I266:I292,D266:D292,P31,F266:F292,N33))/5 -> 0.79291667
D34: Zakaria | F34: L4 | H34: 0.33333333 | I34: =1-(G34/H34) -> 1 | J34: 0.9 | N34: TAUX MOYEN | O34: =(O31+O32+O33)/3 -> 0.8886875
C35: 22h-06h | F35: L1 | H35: 0.33333333 | I35: =1-(G35/H35) -> 1 | J35: 0.9
F36: L2 | H36: 0.33333333 | I36: =1-(G36/H36) -> 1 | J36: 0.9 | N36: LIGNE | O36: TAUX MOYEN DE DISPONIBILITE | P36: MAINTENANCIER DE QUART | Q36: COMMENTAIRE
F37: L4 | H37: 0.33333333 | I37: =1-(G37/H37) -> 1 | J37: 0.9
B38: 45751 | C38: 06h-14h | D38: Ousseni | F38: L1 | H38: 0.33333333 | I38: =1-(G38/H38) -> 1 | J38: 0.9 | N38: L1 | O38: =(AVERAGEIFS(I11:I64,D11:D64,P38,F11:F64,N38)+AVERAGEIFS(I68:I130,D68:D130,P38,F68:F130,N38)+AVERAGEIFS(I134:I196,D134:D196,P38,F134:F196,N38)+AVERAGEIFS(I200:I262,D200:D262,P38,F200:F262,N38)+AVERAGEIFS(I266:I292,D266:D292,P38,F266:F292,N38))/5 -> 0.990625 | P38: Zakaria
D39: Ousseni | F39: L2 | H39: 0.33333333 | I39: =1-(G39/H39) -> 1 | J39: 0.9 | N39: L2 | O39: =(AVERAGEIFS(I11:I64,D11:D64,P38,F11:F64,N39)+AVERAGEIFS(I68:I130,D68:D130,P38,F68:F130,N39)+AVERAGEIFS(I134:I196,D134:D196,P38,F134:F196,N39)+AVERAGEIFS(I200:I262,D200:D262,P38,F200:F262,N39)+AVERAGEIFS(I266:I292,D266:D292,P38,F266:F292,N39))/5 -> 0.976
D40: Ousseni | F40: L4 | H40: 0.33333333 | I40: =1-(G40/H40) -> 1 | J40: 0.9 | N40: L4 | O40: =(AVERAGEIFS(I11:I64,D11:D64,P38,F11:F64,N40)+AVERAGEIFS(I68:I130,D68:D130,P38,F68:F130,N40)+AVERAGEIFS(I134:I196,D134:D196,P38,F134:F196,N40)+AVERAGEIFS(I200:I262,D200:D262,P38,F200:F262,N40)+AVERAGEIFS(I266:I292,D266:D292,P38,F266:F292,N40))/5 -> 0.61083333
C41: 14h-22h | D41: Zakaria | F41: L1 | H41: 0.33333333 | I41: =1-(G41/H41) -> 1 | J41: 0.9 | N41: TAUX MOYEN | O41: =(O38+O39+O40)/3 -> 0.85915278
D42: Zakaria | F42: L2 | H42: 0.33333333 | I42: =1-(G42/H42) -> 1 | J42: 0.9
D43: Zakaria | F43: L4 | H43: 0.33333333 | I43: =1-(G43/H43) -> 1 | J43: 0.9 | N43: LIGNE | O43: TAUX MOYEN DE DISPONIBILITE | P43: MAINTENANCIER DE QUART | Q43: COMMENTAIRE
C44: 22h-06h | F44: L1 | H44: 0.33333333 | I44: =1-(G44/H44) -> 1 | J44: 0.9
F45: L2 | H45: 0.33333333 | I45: =1-(G45/H45) -> 1 | J45: 0.9 | N45: L1 | O45: =(AVERAGEIFS(I11:I64,D11:D64,P45,F11:F64,N45)+AVERAGEIFS(I68:I130,D68:D130,P45,F68:F130,N45)+AVERAGEIFS(I134:I196,D134:D196,P45,F134:F196,N45)+AVERAGEIFS(I200:I262,D200:D262,P45,F200:F262,N45)+AVERAGEIFS(I266:I292,D266:D292,P45,F266:F292,N45))/5 -> 1 | P45: Cheik
F46: L4 | H46: 0.33333333 | I46: =1-(G46/H46) -> 1 | J46: 0.9 | N46: L2 | O46: =(AVERAGEIFS(I11:I64,D11:D64,P45,F11:F64,N46)+AVERAGEIFS(I68:I130,D68:D130,P45,F68:F130,N46)+AVERAGEIFS(I134:I196,D134:D196,P45,F134:F196,N46)+AVERAGEIFS(I200:I262,D200:D262,P45,F200:F262,N46)+AVERAGEIFS(I266:I292,D266:D292,P45,F266:F292,N46))/5 -> 1
B47: 45752 | C47: 06h-14h | D47: Cheik | F47: L1 | H47: 0.33333333 | I47: =1-(G47/H47) -> 1 | J47: 0.9 | N47: L4 | O47: =(AVERAGEIFS(I11:I64,D11:D64,P45,F11:F64,N47)+AVERAGEIFS(I68:I130,D68:D130,P45,F68:F130,N47)+AVERAGEIFS(I134:I196,D134:D196,P45,F134:F196,N47)+AVERAGEIFS(I200:I262,D200:D262,P45,F200:F262,N47)+AVERAGEIFS(I266:I292,D266:D292,P45,F266:F292,N47))/5 -> 0.515625
D48: Cheik | F48: L2 | H48: 0.33333333 | I48: =1-(G48/H48) -> 1 | J48: 0.9 | N48: TAUX MOYEN | O48: =(O45+O46+O47)/3 -> 0.83854167
D49: Cheik | F49: L4 | H49: 0.33333333 | I49: =1-(G49/H49) -> 1 | J49: 0.9
C50: 14h-22h | D50: Ousseni | F50: L1 | H50: 0.33333333 | I50: =1-(G50/H50) -> 1 | J50: 0.9
D51: Ousseni | F51: L2 | H51: 0.33333333 | I51: =1-(G51/H51) -> 1 | J51: 0.9
D52: Ousseni | F52: L4 | H52: 0.33333333 | I52: =1-(G52/H52) -> 1 | J52: 0.9
C53: 22h-06h | D53: Ousseni | F53: L1 | H53: 0.33333333 | I53: =1-(G53/H53) -> 1 | J53: 0.9
D54: Ousseni | F54: L2 | H54: 0.33333333 | I54: =1-(G54/H54) -> 1 | J54: 0.9
D55: Ousseni | F55: L4 | H55: 0.33333333 | I55: =1-(G55/H55) -> 1 | J55: 0.9
B56: 45753 | C56: 06h-14h | D56: Cheik | F56: L1 | H56: 0.33333333 | I56: =1-(G56/H56) -> 1 | J56: 0.9
D57: Cheik | F57: L2 | H57: 0.33333333 | I57: =1-(G57/H57) -> 1 | J57: 0.9
D58: Cheik | F58: L4 | H58: 0.33333333 | I58: =1-(G58/H58) -> 1 | J58: 0.9
C59: 14h-22h | D59: Ousseni | F59: L1 | H59: 0.33333333 | I59: =1-(G59/H59) -> 1 | J59: 0.9
D60: Ousseni | F60: L2 | H60: 0.33333333 | I60: =1-(G60/H60) -> 1 | J60: 0.9
D61: Ousseni | F61: L4 | H61: 0.33333333 | I61: =1-(G61/H61) -> 1 | J61: 0.9
C62: 22h-06h | D62: Zakaria | F62: L1 | H62: 0.33333333 | I62: =1-(G62/H62) -> 1 | J62: 0.9
D63: Zakaria | F63: L2 | H63: 0.33333333 | I63: =1-(G63/H63) -> 1 | J63: 0.9
D64: Zakaria | F64: L4 | H64: 0.33333333 | I64: =1-(G64/H64) -> 1 | J64: 0.9
F65: L1 | I65: =AVERAGEIF(F11:F55,F65,I11:I55) -> 1 | J65: 0.9
F66: L2 | I66: =AVERAGEIF(F12:F65,F66,I12:I65) -> 1 | J66: 0.9
F67: L4 | I67: =AVERAGEIF(F13:F66,F67,I13:I66) -> 0.88888889 | J67: 0.9
A68: S15 | B68: 45754 | C68: 06h-14h | D68: Nettoyage | F68: L1 | H68: 0.33333333 | I68: =1-(G68/H68) -> 1 | J68: 0.9
D69: Nettoyage | F69: L2 | H69: 0.33333333 | I69: =1-(G69/H69) -> 1 | J69: 0.9
D70: Nettoyage | F70: L4 | H70: 0.33333333 | I70: =1-(G70/H70) -> 1 | J70: 0.9
C71: 14h-22h | D71: Cheik | F71: L1 | H71: 0.33333333 | I71: =1-(G71/H71) -> 1 | J71: 0.9
D72: Cheik | F72: L2 | H72: 0.33333333 | I72: =1-(G72/H72) -> 1 | J72: 0.9
D73: Cheik | F73: L4 | H73: 0.33333333 | I73: =1-(G73/H73) -> 1 | J73: 0.9
C74: 22h-06h | D74: Ousseni | F74: L1 | H74: 0.33333333 | I74: =1-(G74/H74) -> 1 | J74: 0.9
D75: Ousseni | F75: L2 | H75: 0.33333333 | I75: =1-(G75/H75) -> 1 | J75: 0.9
D76: Ousseni | F76: L4 | H76: 0.33333333 | I76: =1-(G76/H76) -> 1 | J76: 0.9
B77: 45755 | C77: 06h-14h | F77: L1 | H77: 0.33333333 | I77: =1-(G77/H77) -> 1 | J77: 0.9
F78: L2 | H78: 0.33333333 | I78: =1-(G78/H78) -> 1 | J78: 0.9
F79: L4 | H79: 0.33333333 | I79: =1-(G79/H79) -> 1 | J79: 0.9
C80: 14h-22h | D80: Cheik | F80: L1 | H80: 0.33333333 | I80: =1-(G80/H80) -> 1 | J80: 0.9
D81: Cheik | F81: L2 | H81: 0.33333333 | I81: =1-(G81/H81) -> 1 | J81: 0.9
D82: Cheik | F82: L4 | H82: 0.33333333 | I82: =1-(G82/H82) -> 1 | J82: 0.9
C83: 22h-06h | D83: Ousseni | F83: L1 | H83: 0.33333333 | I83: =1-(G83/H83) -> 1 | J83: 0.9
D84: Ousseni | F84: L2 | H84: 0.33333333 | I84: =1-(G84/H84) -> 1 | J84: 0.9
D85: Ousseni | F85: L4 | H85: 0.33333333 | I85: =1-(G85/H85) -> 1 | J85: 0.9
B86: 45756 | C86: 06h-14h | D86: Zakaria | F86: L1 | H86: 0.33333333 | I86: =1-(G86/H86) -> 1 | J86: 0.9
D87: Zakaria | F87: L2 | H87: 0.33333333 | I87: =1-(G87/H87) -> 1 | J87: 0.9
D88: Zakaria | F88: L4 | H88: 0.33333333 | I88: =1-(G88/H88) -> 1 | J88: 0.9
C89: 14h-22h | F89: L1 | H89: 0.33333333 | I89: =1-(G89/H89) -> 1 | J89: 0.9
F90: L2 | H90: 0.33333333 | I90: =1-(G90/H90) -> 1 | J90: 0.9
F91: L4 | H91: 0.33333333 | I91: =1-(G91/H91) -> 1 | J91: 0.9
C92: 22h-06h | D92: Cheik | F92: L1 | H92: 0.33333333 | I92: =1-(G92/H92) -> 1 | J92: 0.9
D93: Cheik | F93: L2 | H93: 0.33333333 | I93: =1-(G93/H93) -> 1 | J93: 0.9
D94: Cheik | F94: L4 | H94: 0.33333333 | I94: =1-(G94/H94) -> 1 | J94: 0.9
B95: 45757 | C95: 06h-14h | D95: Zakaria | F95: L1 | H95: 0.33333333 | I95: =1-(G95/H95) -> 1 | J95: 0.9
D96: Zakaria | F96: L2 | H96: 0.33333333 | I96: =1-(G96/H96) -> 1 | J96: 0.9
D97: Zakaria | F97: L4 | G97: 0.055555556 | H97: 0.33333333 | I97: =1-(G97/H97) -> 0.83333333 | J97: 0.9
C98: 14h-22h | F98: L1 | H98: 0.33333333 | I98: =1-(G98/H98) -> 1 | J98: 0.9
F99: L2 | H99: 0.33333333 | I99: =1-(G99/H99) -> 1 | J99: 0.9
F100: L4 | G100: 0.048611111 | H100: 0.33333333 | I100: =1-(G100/H100) -> 0.85416667 | J100: 0.9
C101: 22h-06h | D101: Cheik | F101: L1 | H101: 0.33333333 | I101: =1-(G101/H101) -> 1 | J101: 0.9
D102: Cheik | F102: L2 | H102: 0.33333333 | I102: =1-(G102/H102) -> 1 | J102: 0.9
D103: Cheik | F103: L4 | H103: 0.33333333 | I103: =1-(G103/H103) -> 1 | J103: 0.9
B104: 45758 | C104: 06h-14h | D104: Ousseni | F104: L1 | G104: 0.013888889 | H104: 0.33333333 | I104: =1-(G104/H104) -> 0.95833333 | J104: 0.9
D105: Ousseni | F105: L2 | G105: 0.034027778 | H105: 0.33333333 | I105: =1-(G105/H105) -> 0.89791667 | J105: 0.9
...

Sheet DispoMai25
K1: PS-ME-EN-SDM-A
A2: Suivi des Données de la maintenance des équipements
A3: Créée le : 01/01/2024 | G3: Modifié le : | K3: Page 3/1
A4: Emetteur : T. COMPAORE Date : 01/01/2024 Fonction : RT Signature : | G4: Vérificateur : C.Christophe Date : 01/01/2024 Fonction : RQRD Signature : | K4: Approbateur : O. COULIBALY Date : 02/01/2024 Fonction : DG Signature :
A10: semaines | B10: DATES | C10: QUART | D10: MAINTENANCIER DU QUART | E10: CO-MAINTENANCIER | F10: LIGNE DE PRODUCTION | G10: DUREE D'ARRET (HEURE) | H10: TEMPS DE COUVERTURE | I10: TAUX DE DISPONIBILTE | J10: TAUX CIBLE | K10: CAUSE D'INDISPONIBLITE | L10: OBSERVATIONS
A11: S18 | B11: 45778 | C11: 06h-14h | F11: L1 | H11: 0.33333333 | I11: =1-(G11/H11) -> 1 | J11: 0.9
F12: L2 | H12: 0.33333333 | I12: =1-(G12/H12) -> 1 | J12: 0.9
F13: L4 | H13: 0.33333333 | I13: =1-(G13/H13) -> 1 | J13: 0.9 | N13: MAI 2025
C14: 14h-22h | F14: L1 | H14: 0.33333333 | I14: =1-(G14/H14) -> 1 | J14: 0.9
F15: L2 | H15: 0.33333333 | I15: =1-(G15/H15) -> 1 | J15: 0.9 | N15: LIGNE | O15: TAUX MOYEN DE DISPONIBILITE | P15: DISPONIBILITE GLOBAL | Q15: COMMENTAIRE
F16: L4 | H16: 0.33333333 | I16: =1-(G16/H16) -> 1 | J16: 0.9
C17: 22h-06h | F17: L1 | H17: 0.33333333 | I17: =1-(G17/H17) -> 1 | J17: 0.9 | N17: L1 | O17: =(I47+I113+I179+I245+I302)/5 -> 0.55674603 | P17: =(O17+O18+O19)/3 -> 0.65895888 | Q17: incident sur le compresseur 2 (incendie). Production avec L4 à partir du 16/05/25 à 13h
F18: L2 | H18: 0.33333333 | I18: =1-(G18/H18) -> 1 | J18: 0.9 | N18: L2 | O18: =(I48+I114+I180+I246+I303)/5 -> 0.53699405
F19: L4 | H19: 0.33333333 | I19: =1-(G19/H19) -> 1 | J19: 0.9 | N19: L4 | O19: =(I49+I115+I181+I247+I304)/5 -> 0.88313657
B20: 45779 | C20: 06h-14h | D20: Nettoyage | F20: L1 | H20: 0.33333333 | I20: =1-(G20/H20) -> 1 | J20: 0.9
D21: Nettoyage | F21: L2 | H21: 0.33333333 | I21: =1-(G21/H21) -> 1 | J21: 0.9
D22: Nettoyage | F22: L4 | H22: 0.33333333 | I22: =1-(G22/H22) -> 1 | J22: 0.9 | N22: LIGNE | O22: TAUX MOYEN DE DISPONIBILITE | P22: MAINTENANCIER DE QUART | Q22: COMMENTAIRE
C23: 14h-22h | D23: Cheik | F23: L1 | H23: 0.33333333 | I23: =1-(G23/H23) -> 1 | J23: 0.9
D24: Cheik | F24: L2 | H24: 0.33333333 | I24: =1-(G24/H24) -> 1 | J24: 0.9 | N24: L1 | O24: =(AVERAGEIFS(I11:I46,D11:D46,P24,F11:F46,N24)+AVERAGEIFS(I50:I112,D50:D112,P24,F50:F112,N24)+AVERAGEIFS(I116:I178,D116:D178,P24,F116:F178,N24)+AVERAGEIFS(I182:I244,D182:D244,P24,F182:F244,N24)+AVERAGEIFS(I248:I301,D248:D301,P24,F248:F301,N24))/5 -> 0.48 | P24: Hubert | Q24: incident sur le compresseur 2 (incendie). Production avec L4 à partir du 16/05/25 à 13h
D25: Cheik | F25: L4 | H25: 0.33333333 | I25: =1-(G25/H25) -> 1 | J25: 0.9 | N25: L2 | O25: =(AVERAGEIFS(I11:I46,D11:D46,P24,F11:F46,N25)+AVERAGEIFS(I50:I112,D50:D112,P24,F50:F112,N25)+AVERAGEIFS(I116:I178,D116:D178,P24,F116:F178,N25)+AVERAGEIFS(I182:I244,D182:D244,P24,F182:F244,N25)+AVERAGEIFS(I248:I301,D248:D301,P24,F248:F301,N25))/5 -> 0.46208333
C26: 22h-06h | D26: Ousseni | F26: L1 | H26: 0.33333333 | I26: =1-(G26/H26) -> 1 | J26: 0.9 | N26: L4 | O26: =(AVERAGEIFS(I11:I46,D11:D46,P24,F11:F46,N26)+AVERAGEIFS(I50:I112,D50:D112,P24,F50:F112,N26)+AVERAGEIFS(I116:I178,D116:D178,P24,F116:F178,N26)+AVERAGEIFS(I182:I244,D182:D244,P24,F182:F244,N26)+AVERAGEIFS(I248:I301,D248:D301,P24,F248:F301,N26))/5 -> 0.804375
D27: Ousseni | F27: L2 | H27: 0.33333333 | I27: =1-(G27/H27) -> 1 | J27: 0.9 | N27: TAUX MOYEN | O27: =(O24+O25+O26)/3 -> 0.58215278
D28: Ousseni | F28: L4 | H28: 0.33333333 | I28: =1-(G28/H28) -> 1 | J28: 0.9
B29: 45780 | C29: 06h-14h | D29: Zakaria | F29: L1 | H29: 0.33333333 | I29: =1-(G29/H29) -> 1 | J29: 0.9 | N29: LIGNE | O29: TAUX MOYEN DE DISPONIBILITE | P29: MAINTENANCIER DE QUART | Q29: COMMENTAIRE
D30: Zakaria | F30: L2 | G30: 0.10416667 | H30: 0.33333333 | I30: =1-(G30/H30) -> 0.6875 | J30: 0.9 | K30: panne imprimante
D31: Zakaria | F31: L4 | H31: 0.33333333 | I31: =1-(G31/H31) -> 1 | J31: 0.9 | N31: L1 | O31: =(AVERAGEIFS(I11:I46,D11:D46,P31,F11:F46,N31)+AVERAGEIFS(I50:I112,D50:D112,P31,F50:F112,N31)+AVERAGEIFS(I116:I178,D116:D178,P31,F116:F178,N31)+AVERAGEIFS(I182:I244,D182:D244,P31,F182:F244,N31)+AVERAGEIFS(I248:I301,D248:D301,P31,F248:F301,N31))/5 -> 0.52666667 | P31: Ousseni | Q31: incident sur le compresseur 2 (incendie). Production avec L4 à partir du 16/05/25 à 13h
C32: 14h-22h | D32: Cheik | F32: L1 | H32: 0.33333333 | I32: =1-(G32/H32) -> 1 | J32: 0.9 | N32: L2 | O32: =(AVERAGEIFS(I11:I46,D11:D46,P31,F11:F46,N32)+AVERAGEIFS(I50:I112,D50:D112,P31,F50:F112,N32)+AVERAGEIFS(I116:I178,D116:D178,P31,F116:F178,N32)+AVERAGEIFS(I182:I244,D182:D244,P31,F182:F244,N32)+AVERAGEIFS(I248:I301,D248:D301,P31,F248:F301,N32))/5 -> 0.4925
D33: Cheik | F33: L2 | H33: 0.33333333 | I33: =1-(G33/H33) -> 1 | J33: 0.9 | N33: L4 | O33: =(AVERAGEIFS(I11:I46,D11:D46,P31,F11:F46,N33)+AVERAGEIFS(I50:I112,D50:D112,P31,F50:F112,N33)+AVERAGEIFS(I116:I178,D116:D178,P31,F116:F178,N33)+AVERAGEIFS(I182:I244,D182:D244,P31,F182:F244,N33)+AVERAGEIFS(I248:I301,D248:D301,P31,F248:F301,N33))/5 -> 0.90416667
D34: Cheik | F34: L4 | G34: 0.33333333 | H34: 0.33333333 | I34: =1-(G34/H34) -> 0 | J34: 0.9 | K34: panne L4 | N34: TAUX MOYEN | O34: =(O31+O32+O33)/3 -> 0.64111111
C35: 22h-06h | D35: Hubert | F35: L1 | H35: 0.33333333 | I35: =1-(G35/H35) -> 1 | J35: 0.9
D36: Hubert | F36: L2 | H36: 0.33333333 | I36: =1-(G36/H36) -> 1 | J36: 0.9 | N36: LIGNE | O36: TAUX MOYEN DE DISPONIBILITE | P36: MAINTENANCIER DE QUART | Q36: COMMENTAIRE
D37: Hubert | F37: L4 | G37: 0.33333333 | H37: 0.33333333 | I37: =1-(G37/H37) -> 0 | J37: 0.9 | K37: panne L4
B38: 45781 | C38: 06h-14h | D38: Zakaria | F38: L1 | H38: 0.33333333 | I38: =1-(G38/H38) -> 1 | J38: 0.9 | N38: L1 | O38: =(AVERAGEIFS(I11:I46,D11:D46,P38,F11:F46,N38)+AVERAGEIFS(I50:I112,D50:D112,P38,F50:F112,N38)+AVERAGEIFS(I116:I178,D116:D178,P38,F116:F178,N38)+AVERAGEIFS(I182:I244,D182:D244,P38,F182:F244,N38)+AVERAGEIFS(I248:I301,D248:D301,P38,F248:F301,N38))/5 -> 0.58333333 | P38: Zakaria | Q38: incident sur le compresseur 2 (incendie). Production avec L4 à partir du 16/05/25 à 13h
D39: Zakaria | F39: L2 | H39: 0.33333333 | I39: =1-(G39/H39) -> 1 | J39: 0.9 | N39: L2 | O39: =(AVERAGEIFS(I11:I46,D11:D46,P38,F11:F46,N39)+AVERAGEIFS(I50:I112,D50:D112,P38,F50:F112,N39)+AVERAGEIFS(I116:I178,D116:D178,P38,F116:F178,N39)+AVERAGEIFS(I182:I244,D182:D244,P38,F182:F244,N39)+AVERAGEIFS(I248:I301,D248:D301,P38,F248:F301,N39))/5 -> 0.51141667
D40: Zakaria | F40: L4 | G40: 0.33333333 | H40: 0.33333333 | I40: =1-(G40/H40) -> 0 | J40: 0.9 | N40: L4 | O40: =(AVERAGEIFS(I11:I46,D11:D46,P38,F11:F46,N40)+AVERAGEIFS(I50:I112,D50:D112,P38,F50:F112,N40)+AVERAGEIFS(I116:I178,D116:D178,P38,F116:F178,N40)+AVERAGEIFS(I182:I244,D182:D244,P38,F182:F244,N40)+AVERAGEIFS(I248:I301,D248:D301,P38,F248:F301,N40))/5 -> 0.87739583
C41: 14h-22h | D41: Hubert | F41: L1 | H41: 0.33333333 | I41: =1-(G41/H41) -> 1 | J41: 0.9 | N41: TAUX MOYEN | O41: =(O38+O39+O40)/3 -> 0.65738194
D42: Hubert | F42: L2 | H42: 0.33333333 | I42: =1-(G42/H42) -> 1 | J42: 0.9
D43: Hubert | F43: L4 | G43: 0.10763889 | H43: 0.33333333 | I43: =1-(G43/H43) -> 0.67708333 | J43: 0.9 | K43: Panne spot | N43: LIGNE | O43: TAUX MOYEN DE DISPONIBILITE | P43: MAINTENANCIER DE QUART | Q43: COMMENTAIRE
C44: 22h-06h | D44: Cheik | F44: L1 | H44: 0.33333333 | I44: =1-(G44/H44) -> 1 | J44: 0.9
D45: Cheik | F45: L2 | H45: 0.33333333 | I45: =1-(G45/H45) -> 1 | J45: 0.9 | N45: L1 | O45: =(AVERAGEIFS(I11:I46,D11:D46,P45,F11:F46,N45)+AVERAGEIFS(I50:I112,D50:D112,P45,F50:F112,N45)+AVERAGEIFS(I116:I178,D116:D178,P45,F116:F178,N45)+AVERAGEIFS(I182:I244,D182:D244,P45,F182:F244,N45)+AVERAGEIFS(I248:I301,D248:D301,P45,F248:F301,N45))/5 -> 0.45708333 | P45: Cheik | Q45: incident sur le compresseur 2 (incendie). Production avec L4 à partir du 16/05/25 à 13h
D46: Cheik | F46: L4 | G46: 0.052777778 | H46: 0.33333333 | I46: =1-(G46/H46) -> 0.84166667 | J46: 0.9 | K46: panne spot+machoire | N46: L2 | O46: =(AVERAGEIFS(I11:I46,D11:D46,P45,F11:F46,N46)+AVERAGEIFS(I50:I112,D50:D112,P45,F50:F112,N46)+AVERAGEIFS(I116:I178,D116:D178,P45,F116:F178,N46)+AVERAGEIFS(I182:I244,D182:D244,P45,F182:F244,N46)+AVERAGEIFS(I248:I301,D248:D301,P45,F248:F301,N46))/5 -> 0.48875
F47: L1 | I47: =AVERAGEIF(F11:F46,F47,I11:I46) -> 1 | J47: 0.9 | N47: L4 | O47: =(AVERAGEIFS(I11:I46,D11:D46,P45,F11:F46,N47)+AVERAGEIFS(I50:I112,D50:D112,P45,F50:F112,N47)+AVERAGEIFS(I116:I178,D116:D178,P45,F116:F178,N47)+AVERAGEIFS(I182:I244,D182:D244,P45,F182:F244,N47)+AVERAGEIFS(I248:I301,D248:D301,P45,F248:F301,N47))/5 -> 0.83496528
F48: L2 | I48: =AVERAGEIF(F11:F46,F48,I11:I46) -> 0.97395833 | J48: 0.9 | N48: TAUX MOYEN | O48: =(O45+O46+O47)/3 -> 0.59359954
F49: L4 | I49: =AVERAGEIF(F11:F46,F49,I11:I46) -> 0.70989583 | J49: 0.9
A50: S19 | B50: 45782 | C50: 06h-14h | D50: Nettoyage | F50: L1 | H50: 0.33333333 | I50: =1-(G50/H50) -> 1 | J50: 0.9 | K50: nettpyage hebdo
D51: Nettoyage | F51: L2 | H51: 0.33333333 | I51: =1-(G51/H51) -> 1 | J51: 0.9 | K51: nettpyage hebdo
D52: Nettoyage | F52: L4 | H52: 0.33333333 | I52: =1-(G52/H52) -> 1 | J52: 0.9 | K52: nettpyage hebdo
C53: 14h-22h | D53: Zakaria | F53: L1 | H53: 0.33333333 | I53: =1-(G53/H53) -> 1 | J53: 0.9 | K53: nettoyage profond et pousse
D54: Zakaria | F54: L2 | H54: 0.33333333 | I54: =1-(G54/H54) -> 1 | J54: 0.9 | K54: nettoyage profond et pousse
D55: Zakaria | F55: L4 | H55: 0.33333333 | I55: =1-(G55/H55) -> 1 | J55: 0.9 | K55: nettoyage profond et pousse
C56: 22h-06h | D56: Hubert | F56: L1 | H56: 0.33333333 | I56: =1-(G56/H56) -> 1 | J56: 0.9 | K56: changement produit PSUP
D57: Hubert | F57: L2 | H57: 0.33333333 | I57: =1-(G57/H57) -> 1 | J57: 0.9 | K57: changement produit PSUP
D58: Hubert | F58: L4 | H58: 0.33333333 | I58: =1-(G58/H58) -> 1 | J58: 0.9 | K58: changement produit PSUP
B59: 45783 | C59: 06h-14h | D59: Ousseni | F59: L1 | H59: 0.33333333 | I59: =1-(G59/H59) -> 1 | J59: 0.9
D60: Ousseni | F60: L2 | H60: 0.33333333 | I60: =1-(G60/H60) -> 1 | J60: 0.9
D61: Ousseni | F61: L4 | H61: 0.33333333 | I61: =1-(G61/H61) -> 1 | J61: 0.9
C62: 14h-22h | D62: Zakaria | F62: L1 | H62: 0.33333333 | I62: =1-(G62/H62) -> 1 | J62: 0.9
D63: Zakaria | F63: L2 | H63: 0.33333333 | I63: =1-(G63/H63) -> 1 | J63: 0.9
D64: Zakaria | F64: L4 | H64: 0.33333333 | I64: =1-(G64/H64) -> 1 | J64: 0.9
C65: 22h-06h | D65: Hubert | F65: L1 | H65: 0.33333333 | I65: =1-(G65/H65) -> 1 | J65: 0.9
D66: Hubert | F66: L2 | G66: 0.059027778 | H66: 0.33333333 | I66: =1-(G66/H66) -> 0.82291667 | J66: 0.9 | K66: Problème de poids
D67: Hubert | F67: L4 | H67: 0.33333333 | I67: =1-(G67/H67) -> 1 | J67: 0.9
B68: 45784 | C68: 06h-14h | D68: Cheik | F68: L1 | H68: 0.33333333 | I68: =1-(G68/H68) -> 1 | J68: 0.9 | K68: rupture matière (9h57-12h27)
D69: Cheik | F69: L2 | H69: 0.33333333 | I69: =1-(G69/H69) -> 1 | J69: 0.9 | K69: rupture matière (9h57-12h27)
D70: Cheik | F70: L4 | H70: 0.33333333 | I70: =1-(G70/H70) -> 1 | J70: 0.9 | K70: rupture matière (9h57-12h27)
C71: 14h-22h | D71: Ousseni | F71: L1 | H71: 0.33333333 | I71: =1-(G71/H71) -> 1 | J71: 0.9
D72: Ousseni | F72: L2 | H72: 0.33333333 | I72: =1-(G72/H72) -> 1 | J72: 0.9
D73: Ousseni | F73: L4 | G73: 0.29166667 | H73: 0.33333333 | I73: =1-(G73/H73) -> 0.125 | J73: 0.9 | K73: panne spot
C74: 22h-06h | D74: Zakaria | F74: L1 | H74: 0.33333333 | I74: =1-(G74/H74) -> 1 | J74: 0.9
D75: Zakaria | F75: L2 | G75: 0.20833333 | H75: 0.33333333 | I75: =1-(G75/H75) -> 0.375 | J75: 0.9 | K75: panne doseuse
D76: Zakaria | F76: L4 | H76: 0.33333333 | I76: =1-(G76/H76) -> 1 | J76: 0.9
B77: 45785 | C77: 06h-14h | D77: Cheik | F77: L1 | G77: 0.041666667 | H77: 0.33333333 | I77: =1-(G77/H77) -> 0.875 | J77: 0.9 | K77: arret pour maintenance dpm en ligne
D78: Cheik | F78: L2 | G78: 0.041666667 | H78: 0.33333333 | I78: =1-(G78/H78) -> 0.875 | J78: 0.9 | K78: arret pour maintenance dpm en ligne
D79: Cheik | F79: L4 | G79: 0.041666667 | H79: 0.33333333 | I79: =1-(G79/H79) -> 0.875 | J79: 0.9 | K79: arret pour maintenance dpm en ligne
C80: 14h-22h | D80: Ousseni | F80: L1 | H80: 0.33333333 | I80: =1-(G80/H80) -> 1 | J80: 0.9
D81: Ousseni | F81: L2 | G81: 0.15972222 | H81: 0.33333333 | I81: =1-(G81/H81) -> 0.52083333 | J81: 0.9 | K81: panne doseuse
D82: Ousseni | F82: L4 | H82: 0.33333333 | I82: =1-(G82/H82) -> 1 | J82: 0.9
C83: 22h-06h | D83: Zakaria | F83: L1 | H83: 0.33333333 | I83: =1-(G83/H83) -> 1 | J83: 0.9
D84: Zakaria | F84: L2 | G84: 0.13055556 | H84: 0.33333333 | I84: =1-(G84/H84) -> 0.60833333 | J84: 0.9 | K84: panne doseuse
D85: Zakaria | F85: L4 | H85: 0.33333333 | I85: =1-(G85/H85) -> 1 | J85: 0.9
B86: 45786 | C86: 06h-14h | D86: Hubert | F86: L1 | H86: 0.33333333 | I86: =1-(G86/H86) -> 1 | J86: 0.9
D87: Hubert | F87: L2 | H87: 0.33333333 | I87: =1-(G87/H87) -> 1 | J87: 0.9
D88: Hubert | F88: L4 | G88: 0.090277778 | H88: 0.33333333 | I88: =1-(G88/H88) -> 0.72916667 | J88: 0.9 | K88: soudure et panne doseuse
C89: 14h-22h | D89: Cheik | F89: L1 | H89: 0.33333333 | I89: =1-(G89/H89) -> 1 | J89: 0.9 | K89: rupture MP 6h (nata6)
D90: Cheik | F90: L2 | H90: 0.33333333 | I90: =1-(G90/H90) -> 1 | J90: 0.9 | K90: rupture MP 6h (nata6)
D91: Cheik | F91: L4 | H91: 0.33333333 | I91: =1-(G91/H91) -> 1 | J91: 0.9 | K91: rupture MP 6h (nata6)
C92: 22h-06h | D92: Ousseni | F92: L1 | H92: 0.33333333 | I92: =1-(G92/H92) -> 1 | J92: 0.9
D93: Ousseni | F93: L2 | G93: 0.125 | H93: 0.33333333 | I93: =1-(G93/H93) -> 0.625 | J93: 0.9 | K93: panne doseuse
D94: Ousseni | F94: L4 | H94: 0.33333333 | I94: =1-(G94/H94) -> 1 | J94: 0.9
B95: 45787 | C95: 06h-14h | D95: Cheik | F95: L1 | G95: 0.26388889 | H95: 0.33333333 | I95: =1-(G95/H95) -> 0.20833333 | J95: 0.9 | K95: panne doseuse
D96: Cheik | F96: L2 | H96: 0.33333333 | I96: =1-(G96/H96) -> 1 | J96: 0.9
D97: Cheik | F97: L4 | H97: 0.33333333 | I97: =1-(G97/H97) -> 1 | J97: 0.9
C98: 14h-22h | D98: Hubert | F98: L1 | H98: 0.33333333 | I98: =1-(G98/H98) -> 1 | J98: 0.9
D99: Hubert | F99: L2 | G99: 0.090277778 | H99: 0.33333333 | I99: =1-(G99/H99) -> 0.72916667 | J99: 0.9 | K99: panne doseuse
D100: Hubert | F100: L4 | H100: 0.33333333 | I100: =1-(G100/H100) -> 1 | J100: 0.9
C101: 22h-06h | D101: Ousseni | F101: L1 | H101: 0.33333333 | I101: =1-(G101/H101) -> 1 | J101: 0.9
D102: Ousseni | F102: L2 | H102: 0.33333333 | I102: =1-(G102/H102) -> 1 | J102: 0.9
D103: Ousseni | F103: L4 | G103: 0.034722222 | H103: 0.33333333 | I103: =1-(G103/H103) -> 0.89583333 | J103: 0.9 | K103: reglage
B104: 45788 | C104: 06h-14h | D104: Zakaria | F104: L1 | H104: 0.33333333 | I104: =1-(G104/H104) -> 1 | J104: 0.9 | K104: rupture MP (13h-14h)nata
D105: Zakaria | F105: L2 | H105: 0.33333333 | I105: =1-(G105/H105) -> 1 | J105: 0.9 | K105: rupture MP (13h-14h)nata
...

Sheet Dispojuin25
K1: PS-ME-EN-SDM-A
A2: Suivi des Données de la maintenance des équipements
A3: Créée le : 01/01/2024 | G3: Modifié le : | K3: Page 3/1
A4: Emetteur : T. COMPAORE Date : 01/01/2024 Fonction : RT Signature : | G4: Vérificateur : C.Christophe Date : 01/01/2024 Fonction : RQRD Signature : | K4: Approbateur : O. COULIBALY Date : 02/01/2024 Fonction : DG Signature :
A10: semaines | B10: DATES | C10: QUART | D10: MAINTENANCIER DU QUART | E10: CO-MAINTENANCIER | F10: LIGNE DE PRODUCTION | G10: DUREE D'ARRET (HEURE) | H10: TEMPS DE COUVERTURE | I10: TAUX DE DISPONIBILTE | J10: TAUX CIBLE | K10: CAUSE D'INDISPONIBLITE | L10: OBSERVATIONS
A11: S05 | B11: 45809 | C11: 06h-14h | D11: Cheik | F11: L1 | H11: 0.33333333 | I11: =1-(G11/H11) -> 1 | J11: 0.9 | K11: Arret prod manque arachide
D12: Cheik | F12: L2 | H12: 0.33333333 | I12: =1-(G12/H12) -> 1 | J12: 0.9 | K12: Arret prod manque arachide
D13: Cheik | F13: L4 | H13: 0.33333333 | I13: =1-(G13/H13) -> 1 | J13: 0.9 | K13: Arret prod manque arachide
C14: 14h-22h | F14: L1 | H14: 0.33333333 | I14: =1-(G14/H14) -> 1 | J14: 0.9
F15: L2 | H15: 0.33333333 | I15: =1-(G15/H15) -> 1 | J15: 0.9
F16: L4 | H16: 0.33333333 | I16: =1-(G16/H16) -> 1 | J16: 0.9
C17: 22h-06h | F17: L1 | H17: 0.33333333 | I17: =1-(G17/H17) -> 1 | J17: 0.9
F18: L2 | H18: 0.33333333 | I18: =1-(G18/H18) -> 1 | J18: 0.9
F19: L4 | H19: 0.33333333 | I19: =1-(G19/H19) -> 1 | J19: 0.9
F20: L1 | I20: =AVERAGEIF(F11:F19,F20,I11:I19) -> 1 | J20: 0.9
F21: L2 | I21: =AVERAGEIF(F11:F19,F21,I11:I19) -> 1 | J21: 0.9
F22: L4 | I22: =AVERAGEIF(F11:F19,F22,I11:I19) -> 1 | J22: 0.9
B23: 45810 | C23: 06h-14h | D23: Nettoyage | F23: L1 | H23: 0.33333333 | I23: =1-(G23/H23) -> 1 | J23: 0.9
D24: Nettoyage | F24: L2 | H24: 0.33333333 | I24: =1-(G24/H24) -> 1 | J24: 0.9
D25: Nettoyage | F25: L4 | H25: 0.33333333 | I25: =1-(G25/H25) -> 1 | J25: 0.9
C26: 14h-22h | D26: Cheik | F26: L1 | H26: 0.33333333 | I26: =1-(G26/H26) -> 1 | J26: 0.9 | K26: panne compresseur (incendie)
D27: Cheik | F27: L2 | H27: 0.33333333 | I27: =1-(G27/H27) -> 1 | J27: 0.9 | K27: panne compresseur (incendie) | N27: LIGNE | O27: TAUX MOYEN DE DISPONIBILITE | P27: DISPONIBILITE GLOBAL | Q27: COMMENTAIRE
D28: Cheik | F28: L4 | H28: 0.33333333 | I28: =1-(G28/H28) -> 1 | J28: 0.9
C29: 22h-06h | D29: Ousseni | F29: L1 | H29: 0.33333333 | I29: =1-(G29/H29) -> 1 | J29: 0.9 | K29: panne compresseur (incendie) | N29: L1 | O29: =(I20+I86+I152+I218+I284+I296)/6 -> 0.85267857 | P29: =(O29+O30+O31)/3 -> 0.7332672 | Q29: indisponibilté du compresseur 2. production sur 50% de la capacité. Maintenance corrective importante du fait de la faible capacité de production. En attente du nouveau compresseur à mi-juillet
D30: Ousseni | F30: L2 | H30: 0.33333333 | I30: =1-(G30/H30) -> 1 | J30: 0.9 | K30: panne compresseur (incendie) | N30: L2 | O30: =(I21+I87+I153+I219+I285+I297)/6 -> 0.88920304
D31: Ousseni | F31: L4 | H31: 0.33333333 | I31: =1-(G31/H31) -> 1 | J31: 0.9 | N31: L3 | O31: =(I22+I88+I154+I220+I286+I298)/6 -> 0.45791997
B32: 45811 | C32: 06h-14h | D32: Hubert | F32: L1 | H32: 0.33333333 | I32: =1-(G32/H32) -> 1 | J32: 0.9 | K32: panne compresseur (incendie)
D33: Hubert | F33: L2 | H33: 0.33333333 | I33: =1-(G33/H33) -> 1 | J33: 0.9 | K33: panne compresseur (incendie)
D34: Hubert | F34: L4 | H34: 0.33333333 | I34: =1-(G34/H34) -> 1 | J34: 0.9 | N34: LIGNE | O34: TAUX MOYEN DE DISPONIBILITE | P34: MAINTENANCIER DE QUART | Q34: COMMENTAIRE
C35: 14h-22h | D35: Cheik | F35: L1 | H35: 0.33333333 | I35: =1-(G35/H35) -> 1 | J35: 0.9 | K35: panne compresseur (incendie)
D36: Cheik | F36: L2 | H36: 0.33333333 | I36: =1-(G36/H36) -> 1 | J36: 0.9 | K36: panne compresseur (incendie) | N36: L1 | O36: =(AVERAGEIFS(I23:I85,D23:D85,P36,F23:F85,N36)+AVERAGEIFS(I89:I151,D89:D151,P36,F89:F151,N36)+AVERAGEIFS(I155:I217,D155:D217,P36,F155:F217,N36)+AVERAGEIFS(I221:I283,D221:D283,P36,F221:F283,N36)+AVERAGEIFS(I287:I295,D287:D295,P36,F287:F295,N36))/5 -> 0.835 | P36: Hubert
D37: Cheik | F37: L4 | G37: 0.27430556 | H37: 0.33333333 | I37: =1-(G37/H37) -> 0.17708333 | J37: 0.9 | K37: réglage (spot et soudure) | N37: L2 | O37: =(AVERAGEIFS(I23:I85,D23:D85,P36,F23:F85,N37)+AVERAGEIFS(I89:I151,D89:D151,P36,F89:F151,N37)+AVERAGEIFS(I155:I217,D155:D217,P36,F155:F217,N37)+AVERAGEIFS(I221:I283,D221:D283,P36,F221:F283,N37)+AVERAGEIFS(I287:I295,D287:D295,P36,F287:F295,N37))/5 -> 0.90166667
C38: 22h-06h | D38: Ousseni | F38: L1 | H38: 0.33333333 | I38: =1-(G38/H38) -> 1 | J38: 0.9 | K38: panne compresseur (incendie) | N38: L4 | O38: =(AVERAGEIFS(I23:I85,D23:D85,P36,F23:F85,N38)+AVERAGEIFS(I89:I151,D89:D151,P36,F89:F151,N38)+AVERAGEIFS(I155:I217,D155:D217,P36,F155:F217,N38)+AVERAGEIFS(I221:I283,D221:D283,P36,F221:F283,N38)+AVERAGEIFS(I287:I295,D287:D295,P36,F287:F295,N38))/5 -> 0.195
D39: Ousseni | F39: L2 | H39: 0.33333333 | I39: =1-(G39/H39) -> 1 | J39: 0.9 | K39: panne compresseur (incendie) | N39: TAUX MOYEN | O39: =(O36+O37+O38)/3 -> 0.64388889
D40: Ousseni | F40: L4 | G40: 0.22916667 | H40: 0.33333333 | I40: =1-(G40/H40) -> 0.3125 | J40: 0.9 | K40: réglage (spot et soudure)
B41: 45812 | C41: 06h-14h | D41: Zakaria | F41: L1 | H41: 0.33333333 | I41: =1-(G41/H41) -> 1 | J41: 0.9 | K41: panne compresseur (incendie) | N41: LIGNE | O41: TAUX MOYEN DE DISPONIBILITE | P41: MAINTENANCIER DE QUART | Q41: COMMENTAIRE
D42: Zakaria | F42: L2 | H42: 0.33333333 | I42: =1-(G42/H42) -> 1 | J42: 0.9 | K42: panne compresseur (incendie)
D43: Zakaria | F43: L4 | H43: 0.33333333 | I43: =1-(G43/H43) -> 1 | J43: 0.9 | N43: L1 | O43: =(AVERAGEIFS(I23:I85,D23:D85,P43,F23:F85,N43)+AVERAGEIFS(I89:I151,D89:D151,P43,F89:F151,N43)+AVERAGEIFS(I155:I217,D155:D217,P43,F155:F217,N43)+AVERAGEIFS(I221:I283,D221:D283,P43,F221:F283,N43))/4 -> 0.64739583 | P43: Ousseni
C44: 14h-22h | D44: Hubert | F44: L1 | H44: 0.33333333 | I44: =1-(G44/H44) -> 1 | J44: 0.9 | K44: panne compresseur (incendie) | N44: L2 | O44: =(AVERAGEIFS(I23:I85,D23:D85,P43,F23:F85,N44)+AVERAGEIFS(I89:I151,D89:D151,P43,F89:F151,N44)+AVERAGEIFS(I155:I217,D155:D217,P43,F155:F217,N44)+AVERAGEIFS(I221:I283,D221:D283,P43,F221:F283,N44))/4 -> 0.70598958
D45: Hubert | F45: L2 | H45: 0.33333333 | I45: =1-(G45/H45) -> 1 | J45: 0.9 | K45: panne compresseur (incendie) | N45: L4 | O45: =(AVERAGEIFS(I23:I85,D23:D85,P43,F23:F85,N45)+AVERAGEIFS(I89:I151,D89:D151,P43,F89:F151,N45)+AVERAGEIFS(I155:I217,D155:D217,P43,F155:F217,N45)+AVERAGEIFS(I221:I283,D221:D283,P43,F221:F283,N45))/4 -> 0.28098958
D46: Hubert | F46: L4 | H46: 0.33333333 | I46: =1-(G46/H46) -> 1 | J46: 0.9 | N46: TAUX MOYEN | O46: =(O43+O44+O45)/3 -> 0.54479167
C47: 22h-06h | D47: Cheik | F47: L1 | H47: 0.33333333 | I47: =1-(G47/H47) -> 1 | J47: 0.9 | K47: panne compresseur (incendie)
D48: Cheik | F48: L2 | H48: 0.33333333 | I48: =1-(G48/H48) -> 1 | J48: 0.9 | K48: panne compresseur (incendie) | N48: LIGNE | O48: TAUX MOYEN DE DISPONIBILITE | P48: MAINTENANCIER DE QUART | Q48: COMMENTAIRE
D49: Cheik | F49: L4 | G49: 0.27777778 | H49: 0.33333333 | I49: =1-(G49/H49) -> 0.16666667 | J49: 0.9 | K49: réglage (spot et soudure)
B50: 45813 | C50: 06h-14h | D50: Zakaria | F50: L1 | H50: 0.33333333 | I50: =1-(G50/H50) -> 1 | J50: 0.9 | K50: panne compresseur (incendie) | N50: L1 | O50: =(AVERAGEIFS(I23:I85,D23:D85,P50,F23:F85,N50)+AVERAGEIFS(I89:I151,D89:D151,P50,F89:F151,N50)+AVERAGEIFS(I155:I217,D155:D217,P50,F155:F217,N50)+AVERAGEIFS(I221:I283,D221:D283,P50,F221:F283,N50)+AVERAGEIFS(I287:I295,D287:D295,P50,F287:F295,N50))/5 -> 0.84941667 | P50: Zakaria
D51: Zakaria | F51: L2 | H51: 0.33333333 | I51: =1-(G51/H51) -> 1 | J51: 0.9 | K51: panne compresseur (incendie) | N51: L2 | O51: =(AVERAGEIFS(I23:I85,D23:D85,P50,F23:F85,N51)+AVERAGEIFS(I89:I151,D89:D151,P50,F89:F151,N51)+AVERAGEIFS(I155:I217,D155:D217,P50,F155:F217,N51)+AVERAGEIFS(I221:I283,D221:D283,P50,F221:F283,N51)+AVERAGEIFS(I287:I295,D287:D295,P50,F287:F295,N51))/5 -> 0.87941667
D52: Zakaria | F52: L4 | H52: 0.33333333 | I52: =1-(G52/H52) -> 1 | J52: 0.9 | N52: L4 | O52: =(AVERAGEIFS(I23:I85,D23:D85,P50,F23:F85,N52)+AVERAGEIFS(I89:I151,D89:D151,P50,F89:F151,N52)+AVERAGEIFS(I155:I217,D155:D217,P50,F155:F217,N52)+AVERAGEIFS(I221:I283,D221:D283,P50,F221:F283,N52)+AVERAGEIFS(I287:I295,D287:D295,P50,F287:F295,N52))/5 -> 0.2775
C53: 14h-22h | D53: Hubert | F53: L1 | H53: 0.33333333 | I53: =1-(G53/H53) -> 1 | J53: 0.9 | K53: panne compresseur (incendie) | N53: TAUX MOYEN | O53: =(O50+O51+O52)/3 -> 0.66877778
D54: Hubert | F54: L2 | H54: 0.33333333 | I54: =1-(G54/H54) -> 1 | J54: 0.9 | K54: panne compresseur (incendie)
D55: Hubert | F55: L4 | H55: 0.33333333 | I55: =1-(G55/H55) -> 1 | J55: 0.9 | N55: LIGNE | O55: TAUX MOYEN DE DISPONIBILITE | P55: MAINTENANCIER DE QUART | Q55: COMMENTAIRE
C56: 22h-06h | F56: L1 | H56: 0.33333333 | I56: =1-(G56/H56) -> 1 | J56: 0.9 | K56: panne compresseur (incendie)
F57: L2 | H57: 0.33333333 | I57: =1-(G57/H57) -> 1 | J57: 0.9 | K57: panne compresseur (incendie) | N57: L1 | O57: =(AVERAGEIFS(I11:I19,D11:D19,P57,F11:F19,N57)+AVERAGEIFS(I23:I85,D23:D85,P57,F23:F85,N57)+AVERAGEIFS(I89:I151,D89:D151,P57,F89:F151,N57)+AVERAGEIFS(I155:I217,D155:D217,P57,F155:F217,N57)+AVERAGEIFS(I221:I283,D221:D283,P57,F221:F283,N57))/5 -> 0.79427083 | P57: Cheik
F58: L4 | H58: 0.33333333 | I58: =1-(G58/H58) -> 1 | J58: 0.9 | N58: L2 | O58: =(AVERAGEIFS(I11:I19,D11:D19,P57,F11:F19,N58)+AVERAGEIFS(I23:I85,D23:D85,P57,F23:F85,N58)+AVERAGEIFS(I89:I151,D89:D151,P57,F89:F151,N58)+AVERAGEIFS(I155:I217,D155:D217,P57,F155:F217,N58)+AVERAGEIFS(I221:I283,D221:D283,P57,F221:F283,N58))/5 -> 0.87
B59: 45814 | C59: 06h-14h | F59: L1 | H59: 0.33333333 | I59: =1-(G59/H59) -> 1 | J59: 0.9 | K59: ferié | N59: L4 | O59: =(AVERAGEIFS(I11:I19,D11:D19,P57,F11:F19,N59)+AVERAGEIFS(I23:I85,D23:D85,P57,F23:F85,N59)+AVERAGEIFS(I89:I151,D89:D151,P57,F89:F151,N59)+AVERAGEIFS(I155:I217,D155:D217,P57,F155:F217,N59)+AVERAGEIFS(I221:I283,D221:D283,P57,F221:F283,N59))/5 -> 0.4071875
F60: L2 | H60: 0.33333333 | I60: =1-(G60/H60) -> 1 | J60: 0.9 | K60: ferié | N60: TAUX MOYEN | O60: =(O57+O58+O59)/3 -> 0.69048611
F61: L4 | H61: 0.33333333 | I61: =1-(G61/H61) -> 1 | J61: 0.9 | K61: ferié
C62: 14h-22h | F62: L1 | H62: 0.33333333 | I62: =1-(G62/H62) -> 1 | J62: 0.9 | K62: ferié
F63: L2 | H63: 0.33333333 | I63: =1-(G63/H63) -> 1 | J63: 0.9 | K63: ferié
F64: L4 | H64: 0.33333333 | I64: =1-(G64/H64) -> 1 | J64: 0.9 | K64: ferié
C65: 22h-06h | F65: L1 | H65: 0.33333333 | I65: =1-(G65/H65) -> 1 | J65: 0.9 | K65: ferié
F66: L2 | H66: 0.33333333 | I66: =1-(G66/H66) -> 1 | J66: 0.9 | K66: ferié
F67: L4 | H67: 0.33333333 | I67: =1-(G67/H67) -> 1 | J67: 0.9 | K67: ferié
B68: 45815 | C68: 06h-14h | D68: Ousseni | F68: L1 | G68: 0.083333333 | H68: 0.33333333 | I68: =1-(G68/H68) -> 0.75 | J68: 0.9 | K68: démarrage pousse problème de vannes
D69: Ousseni | F69: L2 | H69: 0.33333333 | I69: =1-(G69/H69) -> 1 | J69: 0.9
D70: Ousseni | F70: L4 | H70: 0.33333333 | I70: =1-(G70/H70) -> 1 | J70: 0.9
C71: 14h-22h | D71: Zakaria | F71: L1 | G71: 0.16666667 | H71: 0.33333333 | I71: =1-(G71/H71) -> 0.5 | J71: 0.9
D72: Zakaria | F72: L2 | H72: 0.33333333 | I72: =1-(G72/H72) -> 1 | J72: 0.9
D73: Zakaria | F73: L4 | G73: 0.33333333 | H73: 0.33333333 | I73: =1-(G73/H73) -> 0 | J73: 0.9 | K73: panne compresseur (incendie)
C74: 22h-06h | D74: Hubert | F74: L1 | G74: 0.33333333 | H74: 0.33333333 | I74: =1-(G74/H74) -> 0 | J74: 0.9 | K74: panne DPM
D75: Hubert | F75: L2 | H75: 0.33333333 | I75: =1-(G75/H75) -> 1 | J75: 0.9
D76: Hubert | F76: L4 | G76: 0.33333333 | H76: 0.33333333 | I76: =1-(G76/H76) -> 0 | J76: 0.9 | K76: panne compresseur (incendie)
B77: 45816 | C77: 06h-14h | D77: Cheik | F77: L1 | G77: 0.1875 | H77: 0.33333333 | I77: =1-(G77/H77) -> 0.4375 | J77: 0.9 | K77: PANNE SOUDURE
D78: Cheik | F78: L2 | H78: 0.33333333 | I78: =1-(G78/H78) -> 1 | J78: 0.9
D79: Cheik | F79: L4 | G79: 0.33333333 | H79: 0.33333333 | I79: =1-(G79/H79) -> 0 | J79: 0.9 | K79: panne compresseur (incendie)
C80: 14h-22h | D80: Ousseni | F80: L1 | G80: 0.22916667 | H80: 0.33333333 | I80: =1-(G80/H80) -> 0.3125 | J80: 0.9 | K80: panne soudure
D81: Ousseni | F81: L2 | H81: 0.33333333 | I81: =1-(G81/H81) -> 1 | J81: 0.9
D82: Ousseni | F82: L4 | G82: 0.33333333 | H82: 0.33333333 | I82: =1-(G82/H82) -> 0 | J82: 0.9 | K82: panne compresseur (incendie)
C83: 22h-06h | D83: Zakaria | F83: L1 | H83: 0.33333333 | I83: =1-(G83/H83) -> 1 | J83: 0.9
D84: Zakaria | F84: L2 | H84: 0.33333333 | I84: =1-(G84/H84) -> 1 | J84: 0.9
D85: Zakaria | F85: L4 | H85: 0.33333333 | I85: =1-(G85/H85) -> 1 | J85: 0.9
F86: L1 | I86: =AVERAGEIF(F23:F85,F86,I23:I85) -> 0.85714286 | J86: 0.9
F87: L2 | I87: =AVERAGEIF(F23:F85,F87,I23:I85) -> 1 | J87: 0.9
F88: L4 | I88: =AVERAGEIF(F23:F85,F88,I23:I85) -> 0.69791667 | J88: 0.9
A89: S06 | B89: 45817 | C89: 06h-14h | D89: Nettoyage | F89: L1 | H89: 0.33333333 | I89: =1-(G89/H89) -> 1 | J89: 0.9
D90: Nettoyage | F90: L2 | H90: 0.33333333 | I90: =1-(G90/H90) -> 1 | J90: 0.9
D91: Nettoyage | F91: L4 | H91: 0.33333333 | I91: =1-(G91/H91) -> 1 | J91: 0.9
C92: 14h-22h | D92: Ousseni | F92: L1 | G92: 0.33333333 | H92: 0.33333333 | I92: =1-(G92/H92) -> 0 | J92: 0.9 | K92: panne compresseur (incendie)
D93: Ousseni | F93: L2 | G93: 0.33333333 | H93: 0.33333333 | I93: =1-(G93/H93) -> 0 | J93: 0.9 | K93: panne compresseur (incendie)
D94: Ousseni | F94: L4 | H94: 0.33333333 | I94: =1-(G94/H94) -> 1 | J94: 0.9
C95: 22h-06h | D95: Zakaria | F95: L1 | G95: 0.33333333 | H95: 0.33333333 | I95: =1-(G95/H95) -> 0 | J95: 0.9 | K95: panne compresseur (incendie)
D96: Zakaria | F96: L2 | G96: 0.33333333 | H96: 0.33333333 | I96: =1-(G96/H96) -> 0 | J96: 0.9 | K96: panne compresseur (incendie)
D97: Zakaria | F97: L4 | H97: 0.33333333 | I97: =1-(G97/H97) -> 1 | J97: 0.9
B98: 45818 | C98: 06h-14h | D98: Hubert | F98: L1 | G98: 0.33333333 | H98: 0.33333333 | I98: =1-(G98/H98) -> 0 | J98: 0.9 | K98: panne compresseur (incendie)
D99: Hubert | F99: L2 | G99: 0.33333333 | H99: 0.33333333 | I99: =1-(G99/H99) -> 0 | J99: 0.9 | K99: panne compresseur (incendie)
D100: Hubert | F100: L4 | H100: 0.33333333 | I100: =1-(G100/H100) -> 1 | J100: 0.9
C101: 14h-22h | D101: Cheik | F101: L1 | G101: 0.33333333 | H101: 0.33333333 | I101: =1-(G101/H101) -> 0 | J101: 0.9 | K101: panne compresseur (incendie)
D102: Cheik | F102: L2 | G102: 0.33333333 | H102: 0.33333333 | I102: =1-(G102/H102) -> 0 | J102: 0.9 | K102: panne compresseur (incendie)
D103: Cheik | F103: L4 | H103: 0.33333333 | I103: =1-(G103/H103) -> 1 | J103: 0.9
C104: 22h-06h | D104: Ousseni | F104: L1 | G104: 0.33333333 | H104: 0.33333333 | I104: =1-(G104/H104) -> 0 | J104: 0.9 | K104: panne compresseur (incendie)
D105: Ousseni | F105: L2 | G105: 0.33333333 | H105: 0.33333333 | I105: =1-(G105/H105) -> 0 | J105: 0.9 | K105: panne compresseur (incendie)
...

Sheet Dispojuil25
K1: PS-ME-EN-SDM-A
A2: Suivi des Données de la maintenance des équipements
A3: Créée le : 01/01/2024 | G3: Modifié le : | K3: Page 3/1
A4: Emetteur : T. COMPAORE Date : 01/01/2024 Fonction : RT Signature : | G4: Vérificateur : C.Christophe Date : 01/01/2024 Fonction : RQRD Signature : | K4: Approbateur : O. COULIBALY Date : 02/01/2024 Fonction : DG Signature :
A10: semaines | B10: DATES | C10: QUART | D10: MAINTENANCIER DU QUART | E10: CO-MAINTENANCIER | F10: LIGNE DE PRODUCTION | G10: DUREE D'ARRET (HEURE) | H10: TEMPS DE COUVERTURE | I10: TAUX DE DISPONIBILTE | J10: TAUX CIBLE | K10: CAUSE D'INDISPONIBLITE | L10: OBSERVATIONS
A11: S05 | B11: 45839 | C11: 06h-14h | D11: Ousseni | F11: L1 | H11: 0.33333333 | I11: =1-(G11/H11) -> 1 | J11: 0.9
D12: Ousseni | F12: L2 | G12: 0.041666667 | H12: 0.33333333 | I12: =1-(G12/H12) -> 0.875 | J12: 0.9
D13: Ousseni | F13: L4 | G13: 0.33333333 | H13: 0.33333333 | I13: =1-(G13/H13) -> 0 | J13: 0.9 | K13: arret compresseur1 et 2
C14: 14h-22h | D14: Zakaria | F14: L1 | H14: 0.33333333 | I14: =1-(G14/H14) -> 1 | J14: 0.9
D15: Zakaria | F15: L2 | H15: 0.33333333 | I15: =1-(G15/H15) -> 1 | J15: 0.9 | N15: LIGNE | O15: TAUX MOYEN DE DISPONIBILITE | P15: DISPONIBILITE GLOBAL | Q15: COMMENTAIRE
D16: Zakaria | F16: L4 | G16: 0.33333333 | H16: 0.33333333 | I16: =1-(G16/H16) -> 0 | J16: 0.9 | K16: arret compresseur1 et 2
C17: 22h-06h | D17: Hubert | F17: L1 | H17: 0.33333333 | I17: =1-(G17/H17) -> 1 | J17: 0.9 | N17: L1 | O17: =(I65+I131+I197+I263+I302)/5 -> 0.86241733 | P17: =(O17+O18+O19)/3 -> 0.60859237 | Q17: problème de compresseur (incendie sur 1 compresseur). Le seul restant ne repond pas à la demande et s'arrete régulièrement pour surchauffe. Arret de la ligne L4 pour palier mais insuffisant. Problème d'azote egalement. Taux d'oxygène anormale. Nouveau compresseur installé le 24 juillet.
D18: Hubert | F18: L2 | H18: 0.33333333 | I18: =1-(G18/H18) -> 1 | J18: 0.9 | N18: L2 | O18: =(I66+I132+I198+I264+I303)/5 -> 0.81537698
D19: Hubert | F19: L4 | G19: 0.33333333 | H19: 0.33333333 | I19: =1-(G19/H19) -> 0 | J19: 0.9 | K19: arret compresseur1 et 2 | N19: L3 | O19: =(I67+I133+I199+I265+I304)/5 -> 0.1479828
B20: 45840 | C20: 06h-14h | D20: Cheik | F20: L1 | H20: 0.33333333 | I20: =1-(G20/H20) -> 1 | J20: 0.9
D21: Cheik | F21: L2 | H21: 0.33333333 | I21: =1-(G21/H21) -> 1 | J21: 0.9
D22: Cheik | F22: L4 | G22: 0.33333333 | H22: 0.33333333 | I22: =1-(G22/H22) -> 0 | J22: 0.9 | K22: arret compresseur1 et 2 | N22: LIGNE | O22: TAUX MOYEN DE DISPONIBILITE | P22: MAINTENANCIER DE QUART | Q22: COMMENTAIRE
C23: 14h-22h | D23: Ousseni | F23: L1 | H23: 0.33333333 | I23: =1-(G23/H23) -> 1 | J23: 0.9
D24: Ousseni | F24: L2 | H24: 0.33333333 | I24: =1-(G24/H24) -> 1 | J24: 0.9 | N24: L1 | O24: =(AVERAGEIFS(I11:I64,D11:D64,P24,F11:F64,N24)+AVERAGEIFS(I68:I130,D68:D130,P24,F68:F130,N24)+AVERAGEIFS(I134:I196,D134:D196,P24,F134:F196,N24)+AVERAGEIFS(I200:I262,D200:D262,P24,F200:F262,N24)+AVERAGEIFS(I266:I301,D266:D301,P24,F266:F301,N24))/5 -> 0.85947917 | P24: Hubert | Q24: problème de compresseur (incendie sur 1 compresseur). Le seul restant ne repond pas à la demande et s'arrete régulièrement pour surchauffe. Arret de la ligne L4 pour palier mais insuffisant. Problème d'azote egalement. Taux d'oxygène anormale. Nouveau compresseur installé le 24 juillet.
D25: Ousseni | F25: L4 | G25: 0.33333333 | H25: 0.33333333 | I25: =1-(G25/H25) -> 0 | J25: 0.9 | K25: arret compresseur1 et 2 | N25: L2 | O25: =(AVERAGEIFS(I11:I64,D11:D64,P24,F11:F64,N25)+AVERAGEIFS(I68:I130,D68:D130,P24,F68:F130,N25)+AVERAGEIFS(I134:I196,D134:D196,P24,F134:F196,N25)+AVERAGEIFS(I200:I262,D200:D262,P24,F200:F262,N25)+AVERAGEIFS(I266:I301,D266:D301,P24,F266:F301,N25))/5 -> 0.83916667
C26: 22h-06h | D26: Zakaria | F26: L1 | H26: 0.33333333 | I26: =1-(G26/H26) -> 1 | J26: 0.9 | N26: L4 | O26: =(AVERAGEIFS(I11:I64,D11:D64,P24,F11:F64,N26)+AVERAGEIFS(I68:I130,D68:D130,P24,F68:F130,N26)+AVERAGEIFS(I134:I196,D134:D196,P24,F134:F196,N26)+AVERAGEIFS(I200:I262,D200:D262,P24,F200:F262,N26)+AVERAGEIFS(I266:I301,D266:D301,P24,F266:F301,N26))/5 -> 0.175
D27: Zakaria | F27: L2 | H27: 0.33333333 | I27: =1-(G27/H27) -> 1 | J27: 0.9 | N27: TAUX MOYEN | O27: =(O24+O25+O26)/3 -> 0.62454861
D28: Zakaria | F28: L4 | G28: 0.33333333 | H28: 0.33333333 | I28: =1-(G28/H28) -> 0 | J28: 0.9 | K28: arret compresseur1 et 2
B29: 45841 | C29: 06h-14h | D29: Cheik | F29: L1 | H29: 0.33333333 | I29: =1-(G29/H29) -> 1 | J29: 0.9 | N29: LIGNE | O29: TAUX MOYEN DE DISPONIBILITE | P29: MAINTENANCIER DE QUART | Q29: COMMENTAIRE
D30: Cheik | F30: L2 | G30: 0.11805556 | H30: 0.33333333 | I30: =1-(G30/H30) -> 0.64583333 | J30: 0.9
D31: Cheik | F31: L4 | G31: 0.33333333 | H31: 0.33333333 | I31: =1-(G31/H31) -> 0 | J31: 0.9 | K31: arret compresseur1 et 2 | N31: L1 | O31: =(AVERAGEIFS(I11:I64,D11:D64,P31,F11:F64,N31)+AVERAGEIFS(I68:I130,D68:D130,P31,F68:F130,N31)+AVERAGEIFS(I134:I196,D134:D196,P31,F134:F196,N31)+AVERAGEIFS(I200:I262,D200:D262,P31,F200:F262,N31)+AVERAGEIFS(I266:I301,D266:D301,P31,F266:F301,N31))/5 -> 0.89833333 | P31: Ousseni | Q31: problème de compresseur (incendie sur 1 compresseur). Le seul restant ne repond pas à la demande et s'arrete régulièrement pour surchauffe. Arret de la ligne L4 pour palier mais insuffisant. Problème d'azote egalement. Taux d'oxygène anormale. Nouveau compresseur installé le 24 juillet.
C32: 14h-22h | D32: Ousseni | F32: L1 | H32: 0.33333333 | I32: =1-(G32/H32) -> 1 | J32: 0.9 | N32: L2 | O32: =(AVERAGEIFS(I11:I64,D11:D64,P31,F11:F64,N32)+AVERAGEIFS(I68:I130,D68:D130,P31,F68:F130,N32)+AVERAGEIFS(I134:I196,D134:D196,P31,F134:F196,N32)+AVERAGEIFS(I200:I262,D200:D262,P31,F200:F262,N32)+AVERAGEIFS(I266:I301,D266:D301,P31,F266:F301,N32))/5 -> 0.78333333
D33: Ousseni | F33: L2 | H33: 0.33333333 | I33: =1-(G33/H33) -> 1 | J33: 0.9 | N33: L4 | O33: =(AVERAGEIFS(I11:I64,D11:D64,P31,F11:F64,N33)+AVERAGEIFS(I68:I130,D68:D130,P31,F68:F130,N33)+AVERAGEIFS(I134:I196,D134:D196,P31,F134:F196,N33)+AVERAGEIFS(I200:I262,D200:D262,P31,F200:F262,N33)+AVERAGEIFS(I266:I301,D266:D301,P31,F266:F301,N33))/5 -> 0.0375
D34: Ousseni | F34: L4 | G34: 0.33333333 | H34: 0.33333333 | I34: =1-(G34/H34) -> 0 | J34: 0.9 | K34: arret compresseur1 et 2 | N34: TAUX MOYEN | O34: =(O31+O32+O33)/3 -> 0.57305556
C35: 22h-06h | D35: Zakaria | F35: L1 | H35: 0.33333333 | I35: =1-(G35/H35) -> 1 | J35: 0.9
D36: Zakaria | F36: L2 | H36: 0.33333333 | I36: =1-(G36/H36) -> 1 | J36: 0.9 | N36: LIGNE | O36: TAUX MOYEN DE DISPONIBILITE | P36: MAINTENANCIER DE QUART | Q36: COMMENTAIRE
D37: Zakaria | F37: L4 | G37: 0.33333333 | H37: 0.33333333 | I37: =1-(G37/H37) -> 0 | J37: 0.9
B38: 45842 | C38: 06h-14h | D38: Hubert | F38: L1 | G38: 0.09375 | H38: 0.33333333 | I38: =1-(G38/H38) -> 0.71875 | J38: 0.9 | K38: arret compresseur1 et 2 | N38: L1 | O38: =(AVERAGEIFS(I11:I64,D11:D64,P38,F11:F64,N38)+AVERAGEIFS(I68:I130,D68:D130,P38,F68:F130,N38)+AVERAGEIFS(I134:I196,D134:D196,P38,F134:F196,N38)+AVERAGEIFS(I200:I262,D200:D262,P38,F200:F262,N38)+AVERAGEIFS(I266:I301,D266:D301,P38,F266:F301,N38))/5 -> 0.74041667 | P38: Zakaria | Q38: problème de compresseur (incendie sur 1 compresseur). Le seul restant ne repond pas à la demande et s'arrete régulièrement pour surchauffe. Arret de la ligne L4 pour palier mais insuffisant. Problème d'azote egalement. Taux d'oxygène anormale. Nouveau compresseur installé le 24 juillet.
D39: Hubert | F39: L2 | G39: 0.1875 | H39: 0.33333333 | I39: =1-(G39/H39) -> 0.4375 | J39: 0.9 | K39: arret compresseur1 et 2 | N39: L2 | O39: =(AVERAGEIFS(I11:I64,D11:D64,P38,F11:F64,N39)+AVERAGEIFS(I68:I130,D68:D130,P38,F68:F130,N39)+AVERAGEIFS(I134:I196,D134:D196,P38,F134:F196,N39)+AVERAGEIFS(I200:I262,D200:D262,P38,F200:F262,N39)+AVERAGEIFS(I266:I301,D266:D301,P38,F266:F301,N39))/5 -> 0.73291667
D40: Hubert | F40: L4 | G40: 0.33333333 | H40: 0.33333333 | I40: =1-(G40/H40) -> 0 | J40: 0.9 | K40: arret compresseur1 et 2 | N40: L4 | O40: =(AVERAGEIFS(I11:I64,D11:D64,P38,F11:F64,N40)+AVERAGEIFS(I68:I130,D68:D130,P38,F68:F130,N40)+AVERAGEIFS(I134:I196,D134:D196,P38,F134:F196,N40)+AVERAGEIFS(I200:I262,D200:D262,P38,F200:F262,N40)+AVERAGEIFS(I266:I301,D266:D301,P38,F266:F301,N40))/5 -> 0.0125
C41: 14h-22h | D41: Cheik | F41: L1 | G41: 0.069444444 | H41: 0.33333333 | I41: =1-(G41/H41) -> 0.79166667 | J41: 0.9 | K41: arret compresseur1 et 2 | N41: TAUX MOYEN | O41: =(O38+O39+O40)/3 -> 0.49527778
D42: Cheik | F42: L2 | G42: 0.069444444 | H42: 0.33333333 | I42: =1-(G42/H42) -> 0.79166667 | J42: 0.9 | K42: arret compresseur1 et 2
D43: Cheik | F43: L4 | G43: 0.069444444 | H43: 0.33333333 | I43: =1-(G43/H43) -> 0.79166667 | J43: 0.9 | K43: arret compresseur1 et 2 | N43: LIGNE | O43: TAUX MOYEN DE DISPONIBILITE | P43: MAINTENANCIER DE QUART | Q43: COMMENTAIRE
C44: 22h-06h | D44: Ousseni | F44: L1 | G44: 0.33333333 | H44: 0.33333333 | I44: =1-(G44/H44) -> 0 | J44: 0.9 | K44: arret compresseur1 et 2
D45: Ousseni | F45: L2 | G45: 0.375 | H45: 0.33333333 | I45: =1-(G45/H45) -> -0.125 | J45: 0.9 | K45: arret compresseur1 et 2 | N45: L1 | O45: =(AVERAGEIFS(I11:I64,D11:D64,P45,F11:F64,N45)+AVERAGEIFS(I68:I130,D68:D130,P45,F68:F130,N45)+AVERAGEIFS(I134:I196,D134:D196,P45,F134:F196,N45))/3 -> 0.78298611 | P45: Cheik | Q45: problème de compresseur (incendie sur 1 compresseur). Le seul restant ne repond pas à la demande et s'arrete régulièrement pour surchauffe. Arret de la ligne L4 pour palier mais insuffisant. Problème d'azote egalement. Taux d'oxygène anormale. Nouveau compresseur installé le 24 juillet. cheik en congé sur une partie du mois.
D46: Ousseni | F46: L4 | G46: 0.33333333 | H46: 0.33333333 | I46: =1-(G46/H46) -> 0 | J46: 0.9 | K46: arret compresseur1 et 2 | N46: L2 | O46: =(AVERAGEIFS(I11:I64,D11:D64,P45,F11:F64,N46)+AVERAGEIFS(I68:I130,D68:D130,P45,F68:F130,N46)+AVERAGEIFS(I134:I196,D134:D196,P45,F134:F196,N46))/3 -> 0.759375
B47: 45843 | C47: 06h-14h | D47: Hubert | F47: L1 | G47: 0.16666667 | H47: 0.33333333 | I47: =1-(G47/H47) -> 0.5 | J47: 0.9 | K47: arret compresseur1 et 2 | N47: L4 | O47: =(AVERAGEIFS(I11:I64,D11:D64,P45,F11:F64,N47)+AVERAGEIFS(I68:I130,D68:D130,P45,F68:F130,N47)+AVERAGEIFS(I134:I196,D134:D196,P45,F134:F196,N47))/3 -> 0.052777778
D48: Hubert | F48: L2 | G48: 0.16666667 | H48: 0.33333333 | I48: =1-(G48/H48) -> 0.5 | J48: 0.9 | K48: arret compresseur1 et 2 | N48: TAUX MOYEN | O48: =(O45+O46+O47)/3 -> 0.53171296
D49: Hubert | F49: L4 | G49: 0.16666667 | H49: 0.33333333 | I49: =1-(G49/H49) -> 0.5 | J49: 0.9 | K49: arret compresseur1 et 2
C50: 14h-22h | D50: Cheik | F50: L1 | H50: 0.33333333 | I50: =1-(G50/H50) -> 1 | J50: 0.9
D51: Cheik | F51: L2 | H51: 0.33333333 | I51: =1-(G51/H51) -> 1 | J51: 0.9
D52: Cheik | F52: L4 | G52: 0.33333333 | H52: 0.33333333 | I52: =1-(G52/H52) -> 0 | J52: 0.9
C53: 22h-06h | D53: Ousseni | F53: L1 | G53: 0.33333333 | H53: 0.33333333 | I53: =1-(G53/H53) -> 0 | J53: 0.9 | K53: problème d'azote arret prod
D54: Ousseni | F54: L2 | G54: 0.33333333 | H54: 0.33333333 | I54: =1-(G54/H54) -> 0 | J54: 0.9 | K54: problème d'azote arret prod
D55: Ousseni | F55: L4 | G55: 0.33333333 | H55: 0.33333333 | I55: =1-(G55/H55) -> 0 | J55: 0.9 | K55: problème d'azote arret prod
B56: 45844 | C56: 06h-14h | D56: Zakaria | F56: L1 | G56: 0.33333333 | H56: 0.33333333 | I56: =1-(G56/H56) -> 0 | J56: 0.9 | K56: problème d'azote arret prod
D57: Zakaria | F57: L2 | G57: 0.33333333 | H57: 0.33333333 | I57: =1-(G57/H57) -> 0 | J57: 0.9 | K57: problème d'azote arret prod
D58: Zakaria | F58: L4 | G58: 0.33333333 | H58: 0.33333333 | I58: =1-(G58/H58) -> 0 | J58: 0.9 | K58: problème d'azote arret prod
C59: 14h-22h | D59: Hubert | F59: L1 | G59: 0.125 | H59: 0.33333333 | I59: =1-(G59/H59) -> 0.625 | J59: 0.9 | K59: problème d'azote arret prod
D60: Hubert | F60: L2 | G60: 0.125 | H60: 0.33333333 | I60: =1-(G60/H60) -> 0.625 | J60: 0.9 | K60: problème d'azote arret prod
D61: Hubert | F61: L4 | G61: 0.125 | H61: 0.33333333 | I61: =1-(G61/H61) -> 0.625 | J61: 0.9 | K61: problème d'azote arret prod
C62: 22h-06h | D62: Cheik | F62: L1 | H62: 0.33333333 | I62: =1-(G62/H62) -> 1 | J62: 0.9
D63: Cheik | F63: L2 | H63: 0.33333333 | I63: =1-(G63/H63) -> 1 | J63: 0.9
D64: Cheik | F64: L4 | G64: 0.33333333 | H64: 0.33333333 | I64: =1-(G64/H64) -> 0 | J64: 0.9 | K64: arret compresseur1 et 2
F65: L1 | I65: =AVERAGEIF(F11:F64,F65,I11:I64) -> 0.75752315 | J65: 0.9
F66: L2 | I66: =AVERAGEIF(F11:F64,F66,I11:I64) -> 0.70833333 | J66: 0.9
F67: L4 | I67: =AVERAGEIF(F11:F64,F67,I11:I64) -> 0.10648148 | J67: 0.9
A68: S06 | B68: 45845 | C68: 06h-14h | D68: Nettoyage | F68: L1 | H68: 0.33333333 | I68: =1-(G68/H68) -> 1 | J68: 0.9
D69: Nettoyage | F69: L2 | H69: 0.33333333 | I69: =1-(G69/H69) -> 1 | J69: 0.9
D70: Nettoyage | F70: L4 | H70: 0.33333333 | I70: =1-(G70/H70) -> 1 | J70: 0.9
C71: 14h-22h | D71: Hubert | F71: L1 | G71: 0.125 | H71: 0.33333333 | I71: =1-(G71/H71) -> 0.625 | J71: 0.9 | K71: problème d'azote arret prod
D72: Hubert | F72: L2 | G72: 0.125 | H72: 0.33333333 | I72: =1-(G72/H72) -> 0.625 | J72: 0.9 | K72: problème d'azote arret prod
D73: Hubert | F73: L4 | G73: 0.125 | H73: 0.33333333 | I73: =1-(G73/H73) -> 0.625 | J73: 0.9 | K73: problème d'azote arret prod
C74: 22h-06h | D74: Cheik | F74: L1 | H74: 0.33333333 | I74: =1-(G74/H74) -> 1 | J74: 0.9
D75: Cheik | F75: L2 | H75: 0.33333333 | I75: =1-(G75/H75) -> 1 | J75: 0.9
D76: Cheik | F76: L4 | G76: 0.33333333 | H76: 0.33333333 | I76: =1-(G76/H76) -> 0 | J76: 0.9 | K76: arret compresseur1 et 2
B77: 45846 | C77: 06h-14h | D77: Ousseni | F77: L1 | H77: 0.33333333 | I77: =1-(G77/H77) -> 1 | J77: 0.9
D78: Ousseni | F78: L2 | H78: 0.33333333 | I78: =1-(G78/H78) -> 1 | J78: 0.9
D79: Ousseni | F79: L4 | G79: 0.33333333 | H79: 0.33333333 | I79: =1-(G79/H79) -> 0 | J79: 0.9 | K79: arret compresseur1 et 2
C80: 14h-22h | D80: Zakaria | F80: L1 | H80: 0.33333333 | I80: =1-(G80/H80) -> 1 | J80: 0.9
D81: Zakaria | F81: L2 | H81: 0.33333333 | I81: =1-(G81/H81) -> 1 | J81: 0.9
D82: Zakaria | F82: L4 | G82: 0.33333333 | H82: 0.33333333 | I82: =1-(G82/H82) -> 0 | J82: 0.9 | K82: arret compresseur1 et 2
C83: 22h-06h | D83: Hubert | F83: L1 | H83: 0.33333333 | I83: =1-(G83/H83) -> 1 | J83: 0.9
D84: Hubert | F84: L2 | H84: 0.33333333 | I84: =1-(G84/H84) -> 1 | J84: 0.9
D85: Hubert | F85: L4 | G85: 0.33333333 | H85: 0.33333333 | I85: =1-(G85/H85) -> 0 | J85: 0.9 | K85: arret compresseur1 et 2
B86: 45847 | C86: 06h-14h | D86: Ousseni | F86: L1 | H86: 0.33333333 | I86: =1-(G86/H86) -> 1 | J86: 0.9
D87: Ousseni | F87: L2 | H87: 0.33333333 | I87: =1-(G87/H87) -> 1 | J87: 0.9
D88: Ousseni | F88: L4 | G88: 0.33333333 | H88: 0.33333333 | I88: =1-(G88/H88) -> 0 | J88: 0.9 | K88: arret compresseur1 et 2
C89: 14h-22h | D89: Zakaria | F89: L1 | H89: 0.33333333 | I89: =1-(G89/H89) -> 1 | J89: 0.9
D90: Zakaria | F90: L2 | H90: 0.33333333 | I90: =1-(G90/H90) -> 1 | J90: 0.9
D91: Zakaria | F91: L4 | G91: 0.33333333 | H91: 0.33333333 | I91: =1-(G91/H91) -> 0 | J91: 0.9 | K91: arret compresseur1 et 2
C92: 22h-06h | D92: Hubert | F92: L1 | H92: 0.33333333 | I92: =1-(G92/H92) -> 1 | J92: 0.9
D93: Hubert | F93: L2 | H93: 0.33333333 | I93: =1-(G93/H93) -> 1 | J93: 0.9
D94: Hubert | F94: L4 | G94: 0.33333333 | H94: 0.33333333 | I94: =1-(G94/H94) -> 0 | J94: 0.9 | K94: arret compresseur1 et 2
B95: 45848 | C95: 06h-14h | D95: Cheik | F95: L1 | H95: 0.33333333 | I95: =1-(G95/H95) -> 1 | J95: 0.9
D96: Cheik | F96: L2 | H96: 0.33333333 | I96: =1-(G96/H96) -> 1 | J96: 0.9
D97: Cheik | F97: L4 | G97: 0.33333333 | H97: 0.33333333 | I97: =1-(G97/H97) -> 0 | J97: 0.9 | K97: arret compresseur1 et 2
C98: 14h-22h | D98: Ousseni | F98: L1 | H98: 0.33333333 | I98: =1-(G98/H98) -> 1 | J98: 0.9
D99: Ousseni | F99: L2 | H99: 0.33333333 | I99: =1-(G99/H99) -> 1 | J99: 0.9
D100: Ousseni | F100: L4 | G100: 0.33333333 | H100: 0.33333333 | I100: =1-(G100/H100) -> 0 | J100: 0.9 | K100: arret compresseur1 et 2
C101: 22h-06h | D101: Zakaria | F101: L1 | H101: 0.33333333 | I101: =1-(G101/H101) -> 1 | J101: 0.9
D102: Zakaria | F102: L2 | H102: 0.33333333 | I102: =1-(G102/H102) -> 1 | J102: 0.9
D103: Zakaria | F103: L4 | G103: 0.33333333 | H103: 0.33333333 | I103: =1-(G103/H103) -> 0 | J103: 0.9 | K103: arret compresseur1 et 2
B104: 45849 | C104: 06h-14h | D104: Cheik | F104: L1 | H104: 0.33333333 | I104: =1-(G104/H104) -> 1 | J104: 0.9
D105: Cheik | F105: L2 | H105: 0.33333333 | I105: =1-(G105/H105) -> 1 | J105: 0.9
...

Sheet Dispaout25
K1: PS-ME-EN-SDM-A
A2: Suivi des Données de la maintenance des équipements
A3: Créée le : 01/01/2024 | G3: Modifié le : | K3: Page 3/1
A4: Emetteur : T. COMPAORE Date : 01/01/2024 Fonction : RT Signature : | G4: Vérificateur : C.Christophe Date : 01/01/2024 Fonction : RQRD Signature : | K4: Approbateur : O. COULIBALY Date : 02/01/2024 Fonction : DG Signature :
A10: semaines | B10: DATES | C10: QUART | D10: MAINTENANCIER DU QUART | E10: CO-MAINTENANCIER | F10: LIGNE DE PRODUCTION | G10: DUREE D'ARRET (HEURE) | H10: TEMPS DE COUVERTURE | I10: TAUX DE DISPONIBILTE | J10: TAUX CIBLE | K10: CAUSE D'INDISPONIBLITE | L10: OBSERVATIONS
B11: 45870 | C11: 06h-14h | D11: Ousseni | F11: L1 | H11: 0.33333333 | I11: =1-(G11/H11) -> 1 | J11: 0.9
D12: Ousseni | F12: L2 | H12: 0.33333333 | I12: =1-(G12/H12) -> 1 | J12: 0.9
D13: Ousseni | F13: L4 | G13: 0.14583333 | H13: 0.33333333 | I13: =1-(G13/H13) -> 0.5625 | J13: 0.9 | K13: réglage
C14: 14h-22h | D14: Zakaria | F14: L1 | H14: 0.33333333 | I14: =1-(G14/H14) -> 1 | J14: 0.9
D15: Zakaria | F15: L2 | H15: 0.33333333 | I15: =1-(G15/H15) -> 1 | J15: 0.9 | N15: LIGNE | O15: TAUX MOYEN DE DISPONIBILITE | P15: DISPONIBILITE GLOBAL | Q15: COMMENTAIRE
D16: Zakaria | F16: L4 | H16: 0.33333333 | I16: =1-(G16/H16) -> 1 | J16: 0.9
C17: 22h-06h | D17: Hubert | F17: L1 | H17: 0.33333333 | I17: =1-(G17/H17) -> 1 | J17: 0.9 | N17: L1 | O17: =(I38+I104+I170+I236+I302)/5 -> 0.95922619 | P17: =(O17+O18+O19)/3 -> 0.94973545 | Q17: Pas de problème majeur rencontré. Problème de debit lent surtout lié à la variété d'arachide local
D18: Hubert | F18: L2 | H18: 0.33333333 | I18: =1-(G18/H18) -> 1 | J18: 0.9 | N18: L2 | O18: =(I39+I105+I171+I237+I303)/5 -> 0.95208333
D19: Hubert | F19: L4 | H19: 0.33333333 | I19: =1-(G19/H19) -> 1 | J19: 0.9 | N19: L3 | O19: =(I40+I106+I172+I238+I304)/5 -> 0.93789683
B20: 45871 | C20: 06h-14h | D20: Ousseni | F20: L1 | H20: 0.33333333 | I20: =1-(G20/H20) -> 1 | J20: 0.9
D21: Ousseni | F21: L2 | H21: 0.33333333 | I21: =1-(G21/H21) -> 1 | J21: 0.9
D22: Ousseni | F22: L4 | H22: 0.33333333 | I22: =1-(G22/H22) -> 1 | J22: 0.9 | N22: LIGNE | O22: TAUX MOYEN DE DISPONIBILITE | P22: MAINTENANCIER DE QUART | Q22: COMMENTAIRE
C23: 14h-22h | D23: Zakaria | F23: L1 | H23: 0.33333333 | I23: =1-(G23/H23) -> 1 | J23: 0.9
D24: Zakaria | F24: L2 | H24: 0.33333333 | I24: =1-(G24/H24) -> 1 | J24: 0.9 | N24: L1 | O24: =(AVERAGEIFS(I11:I37,D11:D37,P24,F11:F37,N24)+AVERAGEIFS(I41:I103,D41:D103,P24,F41:F103,N24)+AVERAGEIFS(I107:I169,D107:D169,P24,F107:F169,N24)+AVERAGEIFS(I173:I235,D173:D235,P24,F173:F235,N24)+AVERAGEIFS(I239:I301,D239:D301,P24,F239:F301,N24))/5 -> 0.97041667 | P24: Hubert
D25: Zakaria | F25: L4 | H25: 0.33333333 | I25: =1-(G25/H25) -> 1 | J25: 0.9 | N25: L2 | O25: =(AVERAGEIFS(I11:I37,D11:D37,P24,F11:F37,N25)+AVERAGEIFS(I41:I103,D41:D103,P24,F41:F103,N25)+AVERAGEIFS(I107:I169,D107:D169,P24,F107:F169,N25)+AVERAGEIFS(I173:I235,D173:D235,P24,F173:F235,N25)+AVERAGEIFS(I239:I301,D239:D301,P24,F239:F301,N25))/5 -> 0.95458333
C26: 22h-06h | D26: Hubert | F26: L1 | H26: 0.33333333 | I26: =1-(G26/H26) -> 1 | J26: 0.9 | N26: L4 | O26: =(AVERAGEIFS(I11:I37,D11:D37,P24,F11:F37,N26)+AVERAGEIFS(I41:I103,D41:D103,P24,F41:F103,N26)+AVERAGEIFS(I107:I169,D107:D169,P24,F107:F169,N26)+AVERAGEIFS(I173:I235,D173:D235,P24,F173:F235,N26)+AVERAGEIFS(I239:I301,D239:D301,P24,F239:F301,N26))/5 -> 0.94416667
D27: Hubert | F27: L2 | H27: 0.33333333 | I27: =1-(G27/H27) -> 1 | J27: 0.9 | N27: TAUX MOYEN | O27: =(O24+O25+O26)/3 -> 0.95638889
D28: Hubert | F28: L4 | H28: 0.33333333 | I28: =1-(G28/H28) -> 1 | J28: 0.9
B29: 45872 | C29: 06h-14h | D29: Cheik | F29: L1 | G29: 0.083333333 | H29: 0.33333333 | I29: =1-(G29/H29) -> 0.75 | J29: 0.9 | K29: panne groupe froid. Température en salle elevée | N29: LIGNE | O29: TAUX MOYEN DE DISPONIBILITE | P29: MAINTENANCIER DE QUART | Q29: COMMENTAIRE
D30: Cheik | F30: L2 | G30: 0.083333333 | H30: 0.33333333 | I30: =1-(G30/H30) -> 0.75 | J30: 0.9 | K30: panne groupe froid. Température en salle elevée
D31: Cheik | F31: L4 | G31: 0.083333333 | H31: 0.33333333 | I31: =1-(G31/H31) -> 0.75 | J31: 0.9 | K31: panne groupe froid. Température en salle elevée | N31: L1 | O31: =(AVERAGEIFS(I11:I37,D11:D37,P31,F11:F37,N31)+AVERAGEIFS(I41:I103,D41:D103,P31,F41:F103,N31)+AVERAGEIFS(I107:I169,D107:D169,P31,F107:F169,N31)+AVERAGEIFS(I173:I235,D173:D235,P31,F173:F235,N31)+AVERAGEIFS(I239:I301,D239:D301,P31,F239:F301,N31))/5 -> 0.97541667 | P31: Ousseni
C32: 14h-22h | D32: Ousseni | F32: L1 | G32: 0.041666667 | H32: 0.33333333 | I32: =1-(G32/H32) -> 0.875 | J32: 0.9 | K32: panne doseuse | N32: L2 | O32: =(AVERAGEIFS(I11:I37,D11:D37,P31,F11:F37,N32)+AVERAGEIFS(I41:I103,D41:D103,P31,F41:F103,N32)+AVERAGEIFS(I107:I169,D107:D169,P31,F107:F169,N32)+AVERAGEIFS(I173:I235,D173:D235,P31,F173:F235,N32)+AVERAGEIFS(I239:I301,D239:D301,P31,F239:F301,N32))/5 -> 0.98208333
D33: Ousseni | F33: L2 | H33: 0.33333333 | I33: =1-(G33/H33) -> 1 | J33: 0.9 | N33: L4 | O33: =(AVERAGEIFS(I11:I37,D11:D37,P31,F11:F37,N33)+AVERAGEIFS(I41:I103,D41:D103,P31,F41:F103,N33)+AVERAGEIFS(I107:I169,D107:D169,P31,F107:F169,N33)+AVERAGEIFS(I173:I235,D173:D235,P31,F173:F235,N33)+AVERAGEIFS(I239:I301,D239:D301,P31,F239:F301,N33))/5 -> 0.94333333
D34: Ousseni | F34: L4 | H34: 0.33333333 | I34: =1-(G34/H34) -> 1 | J34: 0.9 | N34: TAUX MOYEN | O34: =(O31+O32+O33)/3 -> 0.96694444
C35: 22h-06h | D35: Zakaria | F35: L1 | H35: 0.33333333 | I35: =1-(G35/H35) -> 1 | J35: 0.9
D36: Zakaria | F36: L2 | H36: 0.33333333 | I36: =1-(G36/H36) -> 1 | J36: 0.9 | N36: LIGNE | O36: TAUX MOYEN DE DISPONIBILITE | P36: MAINTENANCIER DE QUART | Q36: COMMENTAIRE
D37: Zakaria | F37: L4 | H37: 0.33333333 | I37: =1-(G37/H37) -> 1 | J37: 0.9
F38: L1 | I38: =AVERAGEIF(F11:F37,F38,I11:I37) -> 0.95833333 | J38: 0.9 | N38: L1 | O38: =(AVERAGEIFS(I18:I44,D18:D44,P38,F18:F44,N38)+AVERAGEIFS(I48:I110,D48:D110,P38,F48:F110,N38)+AVERAGEIFS(I114:I176,D114:D176,P38,F114:F176,N38)+AVERAGEIFS(I180:I242,D180:D242,P38,F180:F242,N38)+AVERAGEIFS(I246:I308,D246:D308,P38,F246:F308,N38))/5 -> 0.89479167 | P38: Cheik
F39: L2 | I39: =AVERAGEIF(F11:F37,F39,I11:I37) -> 0.97222222 | J39: 0.9 | N39: L2 | O39: =(AVERAGEIFS(I18:I44,D18:D44,P38,F18:F44,N39)+AVERAGEIFS(I48:I110,D48:D110,P38,F48:F110,N39)+AVERAGEIFS(I114:I176,D114:D176,P38,F114:F176,N39)+AVERAGEIFS(I180:I242,D180:D242,P38,F180:F242,N39)+AVERAGEIFS(I246:I308,D246:D308,P38,F246:F308,N39))/5 -> 0.873125
F40: L4 | I40: =AVERAGEIF(F11:F37,F40,I11:I37) -> 0.92361111 | J40: 0.9 | N40: L4 | O40: =(AVERAGEIFS(I18:I44,D18:D44,P38,F18:F44,N40)+AVERAGEIFS(I48:I110,D48:D110,P38,F48:F110,N40)+AVERAGEIFS(I114:I176,D114:D176,P38,F114:F176,N40)+AVERAGEIFS(I180:I242,D180:D242,P38,F180:F242,N40)+AVERAGEIFS(I246:I308,D246:D308,P38,F246:F308,N40))/5 -> 0.89131944
B41: 45873 | C41: 06h-14h | D41: Nettoyage | F41: L1 | H41: 0.33333333 | I41: =1-(G41/H41) -> 1 | J41: 0.9 | N41: TAUX MOYEN | O41: =(O38+O39+O40)/3 -> 0.88641204
D42: Nettoyage | F42: L2 | H42: 0.33333333 | I42: =1-(G42/H42) -> 1 | J42: 0.9
D43: Nettoyage | F43: L4 | H43: 0.33333333 | I43: =1-(G43/H43) -> 1 | J43: 0.9
C44: 14h-22h | D44: Ousseni | F44: L1 | H44: 0.33333333 | I44: =1-(G44/H44) -> 1 | J44: 0.9
D45: Ousseni | F45: L2 | H45: 0.33333333 | I45: =1-(G45/H45) -> 1 | J45: 0.9
D46: Ousseni | F46: L4 | G46: 0.10416667 | H46: 0.33333333 | I46: =1-(G46/H46) -> 0.6875 | J46: 0.9 | K46: reglage
C47: 22h-06h | D47: Zakaria | F47: L1 | H47: 0.33333333 | I47: =1-(G47/H47) -> 1 | J47: 0.9
D48: Zakaria | F48: L2 | H48: 0.33333333 | I48: =1-(G48/H48) -> 1 | J48: 0.9
D49: Zakaria | F49: L4 | G49: 0.048611111 | H49: 0.33333333 | I49: =1-(G49/H49) -> 0.85416667 | J49: 0.9 | K49: réglage
B50: 45874 | C50: 06h-14h | D50: Hubert | F50: L1 | H50: 0.33333333 | I50: =1-(G50/H50) -> 1 | J50: 0.9
D51: Hubert | F51: L2 | G51: 0.017361111 | H51: 0.33333333 | I51: =1-(G51/H51) -> 0.94791667 | J51: 0.9
D52: Hubert | F52: L4 | G52: 0.16666667 | H52: 0.33333333 | I52: =1-(G52/H52) -> 0.5 | J52: 0.9
C53: 14h-22h | D53: Cheik | F53: L1 | H53: 0.33333333 | I53: =1-(G53/H53) -> 1 | J53: 0.9
D54: Cheik | F54: L2 | G54: 0.083333333 | H54: 0.33333333 | I54: =1-(G54/H54) -> 0.75 | J54: 0.9 | K54: panne ensacheuse
D55: Cheik | F55: L4 | H55: 0.33333333 | I55: =1-(G55/H55) -> 1 | J55: 0.9
C56: 22h-06h | D56: Ousseni | F56: L1 | H56: 0.33333333 | I56: =1-(G56/H56) -> 1 | J56: 0.9
D57: Ousseni | F57: L2 | H57: 0.33333333 | I57: =1-(G57/H57) -> 1 | J57: 0.9
D58: Ousseni | F58: L4 | H58: 0.33333333 | I58: =1-(G58/H58) -> 1 | J58: 0.9
B59: 45875 | C59: 06h-14h | D59: Hubert | F59: L1 | H59: 0.33333333 | I59: =1-(G59/H59) -> 1 | J59: 0.9
D60: Hubert | F60: L2 | H60: 0.33333333 | I60: =1-(G60/H60) -> 1 | J60: 0.9
D61: Hubert | F61: L4 | H61: 0.33333333 | I61: =1-(G61/H61) -> 1 | J61: 0.9
C62: 14h-22h | D62: Cheik | F62: L1 | G62: 0.22916667 | H62: 0.33333333 | I62: =1-(G62/H62) -> 0.3125 | J62: 0.9 | K62: demontage echangeur à plaques
D63: Cheik | F63: L2 | G63: 0.22916667 | H63: 0.33333333 | I63: =1-(G63/H63) -> 0.3125 | J63: 0.9 | K63: demontage echangeur à plaques
D64: Cheik | F64: L4 | G64: 0.22916667 | H64: 0.33333333 | I64: =1-(G64/H64) -> 0.3125 | J64: 0.9 | K64: demontage echangeur à plaques
C65: 22h-06h | D65: Ousseni | F65: L1 | H65: 0.33333333 | I65: =1-(G65/H65) -> 1 | J65: 0.9
D66: Ousseni | F66: L2 | H66: 0.33333333 | I66: =1-(G66/H66) -> 1 | J66: 0.9
D67: Ousseni | F67: L4 | H67: 0.33333333 | I67: =1-(G67/H67) -> 1 | J67: 0.9
B68: 45876 | C68: 06h-14h | D68: Zakaria | F68: L1 | G68: 0.041666667 | H68: 0.33333333 | I68: =1-(G68/H68) -> 0.875 | J68: 0.9
D69: Zakaria | F69: L2 | H69: 0.33333333 | I69: =1-(G69/H69) -> 1 | J69: 0.9
D70: Zakaria | F70: L4 | H70: 0.33333333 | I70: =1-(G70/H70) -> 1 | J70: 0.9
C71: 14h-22h | D71: Hubert | F71: L1 | H71: 0.33333333 | I71: =1-(G71/H71) -> 1 | J71: 0.9
D72: Hubert | F72: L2 | G72: 0.041666667 | H72: 0.33333333 | I72: =1-(G72/H72) -> 0.875 | J72: 0.9 | K72: panne ensacheuse
D73: Hubert | F73: L4 | H73: 0.33333333 | I73: =1-(G73/H73) -> 1 | J73: 0.9
C74: 22h-06h | D74: Cheik | F74: L1 | G74: 0.083333333 | H74: 0.33333333 | I74: =1-(G74/H74) -> 0.75 | J74: 0.9 | K74: panne broyeur1
D75: Cheik | F75: L2 | G75: 0.083333333 | H75: 0.33333333 | I75: =1-(G75/H75) -> 0.75 | J75: 0.9 | K75: panne broyeur1
D76: Cheik | F76: L4 | G76: 0.083333333 | H76: 0.33333333 | I76: =1-(G76/H76) -> 0.75 | J76: 0.9 | K76: panne broyeur1
B77: 45877 | C77: 06h-14h | D77: Zakaria | F77: L1 | H77: 0.33333333 | I77: =1-(G77/H77) -> 1 | J77: 0.9
D78: Zakaria | F78: L2 | H78: 0.33333333 | I78: =1-(G78/H78) -> 1 | J78: 0.9
D79: Zakaria | F79: L4 | H79: 0.33333333 | I79: =1-(G79/H79) -> 1 | J79: 0.9
C80: 14h-22h | D80: Hubert | F80: L1 | H80: 0.33333333 | I80: =1-(G80/H80) -> 1 | J80: 0.9
D81: Hubert | F81: L2 | G81: 0.041666667 | H81: 0.33333333 | I81: =1-(G81/H81) -> 0.875 | J81: 0.9 | K81: panne ensacheuse
D82: Hubert | F82: L4 | H82: 0.33333333 | I82: =1-(G82/H82) -> 1 | J82: 0.9
C83: 22h-06h | D83: Cheik | F83: L1 | H83: 0.33333333 | I83: =1-(G83/H83) -> 1 | J83: 0.9
D84: Cheik | F84: L2 | H84: 0.33333333 | I84: =1-(G84/H84) -> 1 | J84: 0.9
D85: Cheik | F85: L4 | H85: 0.33333333 | I85: =1-(G85/H85) -> 1 | J85: 0.9
B86: 45878 | C86: 06h-14h | D86: Ousseni | F86: L1 | H86: 0.33333333 | I86: =1-(G86/H86) -> 1 | J86: 0.9
D87: Ousseni | F87: L2 | H87: 0.33333333 | I87: =1-(G87/H87) -> 1 | J87: 0.9
D88: Ousseni | F88: L4 | G88: 0.125 | H88: 0.33333333 | I88: =1-(G88/H88) -> 0.625 | J88: 0.9 | K88: panne ensacheuse
C89: 14h-22h | D89: Zakaria | F89: L1 | G89: 0.29166667 | H89: 0.33333333 | I89: =1-(G89/H89) -> 0.125 | J89: 0.9 | K89: panne broyeur1
D90: Zakaria | F90: L2 | G90: 0.29166667 | H90: 0.33333333 | I90: =1-(G90/H90) -> 0.125 | J90: 0.9 | K90: panne broyeur1
D91: Zakaria | F91: L4 | G91: 0.29166667 | H91: 0.33333333 | I91: =1-(G91/H91) -> 0.125 | J91: 0.9 | K91: panne broyeur1
C92: 22h-06h | D92: Hubert | F92: L1 | G92: 0.041666667 | H92: 0.33333333 | I92: =1-(G92/H92) -> 0.875 | J92: 0.9 | K92: panne broyeur1
D93: Hubert | F93: L2 | G93: 0.041666667 | H93: 0.33333333 | I93: =1-(G93/H93) -> 0.875 | J93: 0.9 | K93: panne broyeur1
D94: Hubert | F94: L4 | G94: 0.041666667 | H94: 0.33333333 | I94: =1-(G94/H94) -> 0.875 | J94: 0.9 | K94: panne broyeur1
B95: 45879 | C95: 06h-14h | D95: Ousseni | F95: L1 | H95: 0.33333333 | I95: =1-(G95/H95) -> 1 | J95: 0.9
D96: Ousseni | F96: L2 | H96: 0.33333333 | I96: =1-(G96/H96) -> 1 | J96: 0.9
D97: Ousseni | F97: L4 | H97: 0.33333333 | I97: =1-(G97/H97) -> 1 | J97: 0.9
C98: 14h-22h | D98: Zakaria | F98: L1 | H98: 0.33333333 | I98: =1-(G98/H98) -> 1 | J98: 0.9
D99: Zakaria | F99: L2 | H99: 0.33333333 | I99: =1-(G99/H99) -> 1 | J99: 0.9
D100: Zakaria | F100: L4 | H100: 0.33333333 | I100: =1-(G100/H100) -> 1 | J100: 0.9
C101: 22h-06h | F101: L1 | H101: 0.33333333 | I101: =1-(G101/H101) -> 1 | J101: 0.9
F102: L2 | H102: 0.33333333 | I102: =1-(G102/H102) -> 1 | J102: 0.9
F103: L4 | H103: 0.33333333 | I103: =1-(G103/H103) -> 1 | J103: 0.9
F104: L1 | I104: =AVERAGEIF(F41:F103,F104,I41:I103) -> 0.90178571 | J104: 0.9
F105: L2 | I105: =AVERAGEIF(F41:F103,F105,I41:I103) -> 0.88144841 | J105: 0.9
...

Sheet Sept25
K1: PS-ME-EN-SDM-A
A2: Suivi des Données de la maintenance des équipements
A3: Créée le : 01/01/2024 | G3: Modifié le : | K3: Page 3/1
A4: Emetteur : T. COMPAORE Date : 01/01/2024 Fonction : RT Signature : | G4: Vérificateur : C.Christophe Date : 01/01/2024 Fonction : RQRD Signature : | K4: Approbateur : O. COULIBALY Date : 02/01/2024 Fonction : DG Signature :
A10: semaines | B10: DATES | C10: QUART | D10: MAINTENANCIER DU QUART | E10: CO-MAINTENANCIER | F10: LIGNE DE PRODUCTION | G10: DUREE D'ARRET (HEURE) | H10: TEMPS DE COUVERTURE | I10: TAUX DE DISPONIBILTE | J10: TAUX CIBLE | K10: CAUSE D'INDISPONIBLITE | L10: OBSERVATIONS
B11: 45901 | C11: 06h-14h | D11: Nettoyage | F11: L1 | H11: 0.33333333 | I11: =1-(G11/H11) -> 1 | J11: 0.9
D12: Nettoyage | F12: L2 | H12: 0.33333333 | I12: =1-(G12/H12) -> 1 | J12: 0.9
D13: Nettoyage | F13: L4 | H13: 0.33333333 | I13: =1-(G13/H13) -> 1 | J13: 0.9
C14: 14h-22h | D14: Hubert | F14: L1 | H14: 0.33333333 | I14: =1-(G14/H14) -> 1 | J14: 0.9
D15: Hubert | F15: L2 | H15: 0.33333333 | I15: =1-(G15/H15) -> 1 | J15: 0.9 | N15: LIGNE | O15: TAUX MOYEN DE DISPONIBILITE | P15: DISPONIBILITE GLOBAL | Q15: COMMENTAIRE
D16: Hubert | F16: L4 | G16: 0.33333333 | H16: 0.33333333 | I16: =1-(G16/H16) -> 0 | J16: 0.9 | K16: panne doseuse
C17: 22h-06h | D17: Cheik | F17: L1 | H17: 0.33333333 | I17: =1-(G17/H17) -> 1 | J17: 0.9 | N17: L1 | O17: =(I74+I140+I206+I272+I293)/5 -> 0.94365079 | P17: =(O17+O18+O19)/3 -> 0.93217593 | Q17: bonne productivité.pas de problème majeur.
D18: Cheik | F18: L2 | H18: 0.33333333 | I18: =1-(G18/H18) -> 1 | J18: 0.9 | N18: L2 | O18: =(I75+I141+I207+I273+I294)/5 -> 0.91031746
D19: Cheik | F19: L4 | G19: 0.33333333 | H19: 0.33333333 | I19: =1-(G19/H19) -> 0 | J19: 0.9 | K19: panne doseuse | N19: L3 | O19: =(I76+I142+I208+I274+I295)/5 -> 0.94255952
B20: 45902 | C20: 06h-14h | D20: Ousseni | F20: L1 | H20: 0.33333333 | I20: =1-(G20/H20) -> 1 | J20: 0.9
D21: Ousseni | F21: L2 | H21: 0.33333333 | I21: =1-(G21/H21) -> 1 | J21: 0.9
D22: Ousseni | F22: L4 | G22: 0.27083333 | H22: 0.33333333 | I22: =1-(G22/H22) -> 0.1875 | J22: 0.9 | K22: panne doseuse | N22: LIGNE | O22: TAUX MOYEN DE DISPONIBILITE | P22: MAINTENANCIER DE QUART | Q22: COMMENTAIRE
C23: 14h-22h | D23: Zakaria | F23: L1 | H23: 0.33333333 | I23: =1-(G23/H23) -> 1 | J23: 0.9
D24: Zakaria | F24: L2 | H24: 0.33333333 | I24: =1-(G24/H24) -> 1 | J24: 0.9 | N24: L1 | O24: =(AVERAGEIFS(I11:I64,D11:D64,P24,F11:F64,N24)+AVERAGEIFS(I77:I139,D77:D139,P24,F77:F139,N24)+AVERAGEIFS(I143:I205,D143:D205,P24,F143:F205,N24)+AVERAGEIFS(I209:I271,D209:D271,P24,F209:F271,N24)+AVERAGEIFS(I275:I292,D275:D292,P24,F275:F292,N24))/5 -> 0.93166667 | P24: Hubert | Q24: zakaria en congé. Possible deséquilibre dans les équipes avec des repercution sur les autres quarts mais sans problème majeur
D25: Zakaria | F25: L4 | H25: 0.33333333 | I25: =1-(G25/H25) -> 1 | J25: 0.9 | N25: L2 | O25: =(AVERAGEIFS(I11:I64,D11:D64,P24,F11:F64,N25)+AVERAGEIFS(I77:I139,D77:D139,P24,F77:F139,N25)+AVERAGEIFS(I143:I205,D143:D205,P24,F143:F205,N25)+AVERAGEIFS(I209:I271,D209:D271,P24,F209:F271,N25)+AVERAGEIFS(I275:I292,D275:D292,P24,F275:F292,N25))/5 -> 0.83708333
C26: 22h-06h | D26: Hubert | F26: L1 | G26: 0.16666667 | H26: 0.33333333 | I26: =1-(G26/H26) -> 0.5 | J26: 0.9 | K26: panne broyeur1 | N26: L4 | O26: =(AVERAGEIFS(I11:I64,D11:D64,P24,F11:F64,N26)+AVERAGEIFS(I77:I139,D77:D139,P24,F77:F139,N26)+AVERAGEIFS(I143:I205,D143:D205,P24,F143:F205,N26)+AVERAGEIFS(I209:I271,D209:D271,P24,F209:F271,N26)+AVERAGEIFS(I275:I292,D275:D292,P24,F275:F292,N26))/5 -> 0.915
D27: Hubert | F27: L2 | G27: 0.16666667 | H27: 0.33333333 | I27: =1-(G27/H27) -> 0.5 | J27: 0.9 | K27: panne broyeur0 | N27: TAUX MOYEN | O27: =(O24+O25+O26)/3 -> 0.89458333
D28: Hubert | F28: L4 | G28: 0.16666667 | H28: 0.33333333 | I28: =1-(G28/H28) -> 0.5 | J28: 0.9 | K28: panne broyeur1
B29: 45903 | C29: 06h-14h | D29: Ousseni | F29: L1 | G29: 0.16666667 | H29: 0.33333333 | I29: =1-(G29/H29) -> 0.5 | J29: 0.9 | K29: panne broyeur1 | N29: LIGNE | O29: TAUX MOYEN DE DISPONIBILITE | P29: MAINTENANCIER DE QUART | Q29: COMMENTAIRE
D30: Ousseni | F30: L2 | G30: 0.16666667 | H30: 0.33333333 | I30: =1-(G30/H30) -> 0.5 | J30: 0.9 | K30: panne broyeur2
D31: Ousseni | F31: L4 | G31: 0.16666667 | H31: 0.33333333 | I31: =1-(G31/H31) -> 0.5 | J31: 0.9 | K31: panne broyeur3 | N31: L1 | O31: =(AVERAGEIFS(I11:I64,D11:D64,P31,F11:F64,N31)+AVERAGEIFS(I77:I139,D77:D139,P31,F77:F139,N31)+AVERAGEIFS(I143:I205,D143:D205,P31,F143:F205,N31)+AVERAGEIFS(I209:I271,D209:D271,P31,F209:F271,N31)+AVERAGEIFS(I275:I292,D275:D292,P31,F275:F292,N31))/5 -> 0.889375 | P31: Ousseni | Q31: zakaria en congé. Possible deséquilibre dans les équipes avec des repercution sur les autres quarts mais sans problème majeur
C32: 14h-22h | D32: Zakaria | F32: L1 | H32: 0.33333333 | I32: =1-(G32/H32) -> 1 | J32: 0.9 | N32: L2 | O32: =(AVERAGEIFS(I11:I64,D11:D64,P31,F11:F64,N32)+AVERAGEIFS(I77:I139,D77:D139,P31,F77:F139,N32)+AVERAGEIFS(I143:I205,D143:D205,P31,F143:F205,N32)+AVERAGEIFS(I209:I271,D209:D271,P31,F209:F271,N32)+AVERAGEIFS(I275:I292,D275:D292,P31,F275:F292,N32))/5 -> 0.83125
D33: Zakaria | F33: L2 | H33: 0.33333333 | I33: =1-(G33/H33) -> 1 | J33: 0.9 | N33: L4 | O33: =(AVERAGEIFS(I11:I64,D11:D64,P31,F11:F64,N33)+AVERAGEIFS(I77:I139,D77:D139,P31,F77:F139,N33)+AVERAGEIFS(I143:I205,D143:D205,P31,F143:F205,N33)+AVERAGEIFS(I209:I271,D209:D271,P31,F209:F271,N33)+AVERAGEIFS(I275:I292,D275:D292,P31,F275:F292,N33))/5 -> 0.9265625
D34: Zakaria | F34: L4 | G34: 0.11458333 | H34: 0.33333333 | I34: =1-(G34/H34) -> 0.65625 | J34: 0.9 | K34: panne ensacheuse | N34: TAUX MOYEN | O34: =(O31+O32+O33)/3 -> 0.88239583
C35: 22h-06h | D35: Hubert | F35: L1 | H35: 0.33333333 | I35: =1-(G35/H35) -> 1 | J35: 0.9
D36: Hubert | F36: L2 | H36: 0.33333333 | I36: =1-(G36/H36) -> 1 | J36: 0.9 | N36: LIGNE | O36: TAUX MOYEN DE DISPONIBILITE | P36: MAINTENANCIER DE QUART | Q36: COMMENTAIRE
D37: Hubert | F37: L4 | H37: 0.33333333 | I37: =1-(G37/H37) -> 1 | J37: 0.9
